disasterNumber,region,stateNumberCode,state,countyCode,county,city,zip,projectIdentifier,propertyAction,structureType,typeOfResidency,actualAmountPaid,programFy,dateInitiallyApproved,dateApproved,dateClosed,status,programArea,title,type,numberOfProperties,numberOfRecords,damageCategory,granteeTribalIndicator,subgranteeTribalIndicator,id
4337,4,12,FLORIDA,87,MONROE,ISLAMORADA,33036,DR-4337-0080-R,NO ACTION,NON-RESIDENTIAL - PUBLIC,,,2017,2019-03-13T04:00:00.000Z,2020-10-13T04:00:00.000Z,,APPROVED,HMGP,NOT SPECIFIED,"103.1: FEASIBILITY, ENGINEERING AND DESIGN STUDIES",1,,0 - 49%,NO,NO,609EA7A32B72A70850CFFCC9
4337,4,12,FLORIDA,9,BREVARD,MELBOURNE,32901,DR-4337-0037-R,WIND RETROFIT,NON-RESIDENTIAL - PUBLIC,NOT APPLICABLE,,2017,2019-04-10T04:00:00.000Z,2021-02-05T05:00:00.000Z,,APPROVED,HMGP,NOT SPECIFIED,205.8: RETROFITTING PUBLIC STRUCTURES - WIND,1,,0 - 49%,NO,NO,609EA7A32B72A70850CFFDF1
4337,4,12,FLORIDA,105,POLK,BRADLEY,33835,DR-4337-0423-R,WIND RETROFIT,NON-RESIDENTIAL - PRIVATE,OTHER (SPECIFY IN COMMENTS),,2017,2020-10-13T04:00:00.000Z,2020-10-13T04:00:00.000Z,,APPROVED,HMGP,NOT SPECIFIED,205.8: RETROFITTING PUBLIC STRUCTURES - WIND,1,,0 - 49%,NO,NO,609EA7A32B72A70850CFFE7B
4337,4,12,FLORIDA,105,POLK,FROSTPROOF,33843,DR-4337-0423-R,WIND RETROFIT,NON-RESIDENTIAL - PRIVATE,OTHER (SPECIFY IN COMMENTS),,2017,2020-10-13T04:00:00.000Z,2020-10-13T04:00:00.000Z,,APPROVED,HMGP,NOT SPECIFIED,205.8: RETROFITTING PUBLIC STRUCTURES - WIND,1,,0 - 49%,NO,NO,609EA7A32B72A70850CFFEE8
4337,4,12,FLORIDA,86,MIAMI-DADE,MIAMI,33178,DR-4337-0467-R,WIND RETROFIT,NON-RESIDENTIAL - PUBLIC,OTHER (SPECIFY IN COMMENTS),,2017,2020-07-06T04:00:00.000Z,2021-03-12T05:00:00.000Z,,APPROVED,HMGP,NOT SPECIFIED,205.8: RETROFITTING PUBLIC STRUCTURES - WIND,1,,0 - 49%,NO,NO,609EA7A32B72A70850CFFF4D
4337,4,12,FLORIDA,23,COLUMBIA,LAKE CITY,32024,DR-4337-0083-R,ACQUISITION/DEMOLITION,NON-RESIDENTIAL - PRIVATE,OTHER (SPECIFY IN COMMENTS),,2017,2019-07-18T04:00:00.000Z,2021-05-13T04:00:00.000Z,,APPROVED,HMGP,NOT SPECIFIED,200.1: ACQUISITION OF PRIVATE REAL PROPERTY (STRUCTURES AND LAND) - RIVERINE,1,,0 - 49%,NO,NO,609EA7A32B72A70850D000A4
4337,4,12,FLORIDA,105,POLK,DAVENPORT,33896,DR-4337-0423-R,WIND RETROFIT,NON-RESIDENTIAL - PRIVATE,OTHER (SPECIFY IN COMMENTS),,2017,2020-10-13T04:00:00.000Z,2020-10-13T04:00:00.000Z,,APPROVED,HMGP,NOT SPECIFIED,205.8: RETROFITTING PUBLIC STRUCTURES - WIND,1,,0 - 49%,NO,NO,609EA7A32B72A70850D00399
4337,4,12,FLORIDA,127,VOLUSIA,ORANGE CITY,32763,DR-4337-0054-R,WIND RETROFIT,NON-RESIDENTIAL - PUBLIC,NOT APPLICABLE,,2017,2019-01-14T05:00:00.000Z,2019-01-14T05:00:00.000Z,,APPROVED,HMGP,NOT SPECIFIED,205.8: RETROFITTING PUBLIC STRUCTURES - WIND,1,,0 - 49%,NO,NO,609EA7A32B72A70850D0044B
4337,4,12,FLORIDA,99,PALM BEACH,GREENACRES,33463,DR-4337-0263-R,OTHER (SPECIFY IN COMMENTS),VACANT LAND,NOT APPLICABLE,,2017,2020-10-13T04:00:00.000Z,2021-04-02T04:00:00.000Z,,APPROVED,HMGP,NOT SPECIFIED,405.1: OTHER MINOR FLOOD CONTROL,1,,0 - 49%,NO,NO,609EA7A32B72A70850D0067B
4337,4,12,FLORIDA,86,MIAMI-DADE,MIAMI BEACH,33141,DR-4337-0469-R,WIND RETROFIT,NON-RESIDENTIAL - PUBLIC,OTHER (SPECIFY IN COMMENTS),,2017,2020-10-13T04:00:00.000Z,2021-03-23T04:00:00.000Z,,APPROVED,HMGP,NOT SPECIFIED,205.8: RETROFITTING PUBLIC STRUCTURES - WIND,1,,0 - 49%,NO,NO,609EA7A32B72A70850D006BC
4337,4,12,FLORIDA,57,HILLSBOROUGH,TAMPA ,33614,DR-4337-0130-R,WIND RETROFIT,NON-RESIDENTIAL - PUBLIC,NOT APPLICABLE,,2017,2019-05-06T04:00:00.000Z,2019-05-06T04:00:00.000Z,,APPROVED,HMGP,NOT SPECIFIED,205.8: RETROFITTING PUBLIC STRUCTURES - WIND,1,,0 - 49%,NO,NO,609EA7A32B72A70850D00710
4337,4,12,FLORIDA,71,LEE,FORT MYERS BEACH,33931,DR-4337-0229-R,OTHER (SPECIFY IN COMMENTS),VACANT LAND,,,2017,2019-07-22T04:00:00.000Z,2019-07-22T04:00:00.000Z,,APPROVED,HMGP,NOT SPECIFIED,405.1: OTHER MINOR FLOOD CONTROL,1,,0 - 49%,NO,NO,609EA7A32B72A70850D0073E
4337,4,12,FLORIDA,86,MIAMI-DADE,MIAMI,33129,DR-4337-0284-R,WIND RETROFIT,NON-RESIDENTIAL - PUBLIC,OTHER (SPECIFY IN COMMENTS),,2017,2020-11-23T05:00:00.000Z,2021-04-02T04:00:00.000Z,,APPROVED,HMGP,NOT SPECIFIED,"205.8: RETROFITTING PUBLIC STRUCTURES - WIND; 
400.1: UTILITY PROTECTIVE MEASURES (ELECTRIC, GAS, ETC.)",1,,0 - 49%,NO,NO,609EA7A32B72A70850D00729
4337,4,12,FLORIDA,105,POLK,WINTER HAVEN,33881,DR-4337-0423-R,WIND RETROFIT,NON-RESIDENTIAL - PRIVATE,OTHER (SPECIFY IN COMMENTS),,2017,2020-10-13T04:00:00.000Z,2020-10-13T04:00:00.000Z,,APPROVED,HMGP,NOT SPECIFIED,205.8: RETROFITTING PUBLIC STRUCTURES - WIND,1,,0 - 49%,NO,NO,609EA7A32B72A70850D00716
4337,4,12,FLORIDA,69,LAKE,CLERMONT,34711,DR-4337-0062-R,WIND RETROFIT,NON-RESIDENTIAL - PUBLIC,NOT APPLICABLE,,2017,2019-02-21T05:00:00.000Z,2019-02-21T05:00:00.000Z,,APPROVED,HMGP,NOT SPECIFIED,205.8: RETROFITTING PUBLIC STRUCTURES - WIND,1,,0 - 49%,NO,NO,609EA7A32B72A70850D00763
4337,4,12,FLORIDA,105,POLK,LOUGHMAN,33813,DR-4337-0423-R,WIND RETROFIT,NON-RESIDENTIAL - PRIVATE,OTHER (SPECIFY IN COMMENTS),,2017,2020-10-13T04:00:00.000Z,2020-10-13T04:00:00.000Z,,APPROVED,HMGP,NOT SPECIFIED,205.8: RETROFITTING PUBLIC STRUCTURES - WIND,1,,0 - 49%,NO,NO,609EA7A32B72A70850D00784
4337,4,12,FLORIDA,57,HILLSBOROUGH,TAMPA,33610,DR-4337-0129-R,WIND RETROFIT,NON-RESIDENTIAL - PUBLIC,,,2017,2019-05-20T04:00:00.000Z,2019-05-20T04:00:00.000Z,,APPROVED,HMGP,NOT SPECIFIED,205.8: RETROFITTING PUBLIC STRUCTURES - WIND,1,,0 - 49%,NO,NO,609EA7A32B72A70850D007A5
4337,4,12,FLORIDA,71,LEE,FORT MYERS BEACH,33931,DR-4337-0233-R,OTHER (SPECIFY IN COMMENTS),OTHER (SPECIFY IN COMMENTS),NOT APPLICABLE,,2017,2019-08-15T04:00:00.000Z,2019-08-15T04:00:00.000Z,,APPROVED,HMGP,NOT SPECIFIED,405.1: OTHER MINOR FLOOD CONTROL,1,,0 - 49%,NO,NO,609EA7A32B72A70850D00799
4337,4,12,FLORIDA,86,MIAMI-DADE,CORAL GABLES ,33156,DR-4337-0369-R,OTHER (SPECIFY IN COMMENTS),OTHER (SPECIFY IN COMMENTS),NOT APPLICABLE,,2017,2020-01-06T05:00:00.000Z,2020-01-06T05:00:00.000Z,,APPROVED,HMGP,NOT SPECIFIED,405.1: OTHER MINOR FLOOD CONTROL,1,,0 - 49%,NO,NO,609EA7A32B72A70850D00891
4337,4,12,FLORIDA,15,CHARLOTTE,PORT CHARLOTTE,33980,DR-4337-0024-R,WIND RETROFIT,NON-RESIDENTIAL - PUBLIC,OTHER (SPECIFY IN COMMENTS),,2017,2018-11-02T04:00:00.000Z,2018-11-02T04:00:00.000Z,,APPROVED,HMGP,NOT SPECIFIED,205.8: RETROFITTING PUBLIC STRUCTURES - WIND,1,,0 - 49%,NO,NO,609EA7A32B72A70850D008C4
4337,4,12,FLORIDA,87,MONROE,KEY WEST,33040,DR-4337-0386-R,OTHER (SPECIFY IN COMMENTS),NON-RESIDENTIAL - PUBLIC,OTHER (SPECIFY IN COMMENTS),,2017,2020-02-03T05:00:00.000Z,2021-05-03T04:00:00.000Z,,APPROVED,HMGP,NOT SPECIFIED,405.1: OTHER MINOR FLOOD CONTROL,1,,0 - 49%,NO,NO,609EA7A32B72A70850D009D0
4337,4,12,FLORIDA,86,MIAMI-DADE,MIAMI,33176,DR-4337-0472-R,WIND RETROFIT,NON-RESIDENTIAL - PUBLIC,OTHER (SPECIFY IN COMMENTS),,2017,2020-06-04T04:00:00.000Z,2021-05-13T04:00:00.000Z,,APPROVED,HMGP,NOT SPECIFIED,205.8: RETROFITTING PUBLIC STRUCTURES - WIND,1,,0 - 49%,NO,NO,609EA7A32B72A70850D00A14
4337,4,12,FLORIDA,19,CLAY,ORANGE PARK,32703,DR-4337-0377-R,OTHER (SPECIFY IN COMMENTS),OTHER (SPECIFY IN COMMENTS),NOT APPLICABLE,,2017,2020-01-27T05:00:00.000Z,2021-03-12T05:00:00.000Z,,APPROVED,HMGP,NOT SPECIFIED,405.1: OTHER MINOR FLOOD CONTROL,1,,0 - 49%,NO,NO,609EA7A32B72A70850D00A04
4337,4,12,FLORIDA,69,LAKE,FRUITLAND PARK,34731,DR-4337-0062-R,WIND RETROFIT,NON-RESIDENTIAL - PUBLIC,NOT APPLICABLE,,2017,2019-02-21T05:00:00.000Z,2019-02-21T05:00:00.000Z,,APPROVED,HMGP,NOT SPECIFIED,205.8: RETROFITTING PUBLIC STRUCTURES - WIND,1,,0 - 49%,NO,NO,609EA7A32B72A70850D00B0D
4337,4,12,FLORIDA,86,MIAMI-DADE,MIAMI,33169,DR-4337-0467-R,WIND RETROFIT,NON-RESIDENTIAL - PUBLIC,OTHER (SPECIFY IN COMMENTS),,2017,2020-07-06T04:00:00.000Z,2021-03-12T05:00:00.000Z,,APPROVED,HMGP,NOT SPECIFIED,205.8: RETROFITTING PUBLIC STRUCTURES - WIND,1,,0 - 49%,NO,NO,609EA7A32B72A70850D00B0E
4337,4,12,FLORIDA,97,OSCEOLA,KISSIMMEE,34741,DR-4337-0049-R,WIND RETROFIT,NON-RESIDENTIAL - PUBLIC,NOT APPLICABLE,,2017,2019-01-28T05:00:00.000Z,2020-12-22T05:00:00.000Z,,APPROVED,HMGP,NOT SPECIFIED,205.8: RETROFITTING PUBLIC STRUCTURES - WIND,1,,0 - 49%,NO,NO,609EA7A32B72A70850D00C9A
4337,4,12,FLORIDA,,,NEW SMYRNA BEACH,32169,DR-4337-0374-R,ELEVATION,SINGLE FAMILY,,,2017,2021-04-21T04:00:00.000Z,2021-04-21T04:00:00.000Z,,APPROVED,HMGP,NOT SPECIFIED,202.2: ELEVATION OF PRIVATE STRUCTURES - COASTAL,2,,0 - 49%,NO,NO,609EA7A32B72A70850D00CD4
4337,4,12,FLORIDA,99,PALM BEACH,SOUTH BAY,33493,DR-4337-0110-R,WIND RETROFIT,NON-RESIDENTIAL - PUBLIC,NOT APPLICABLE,,2017,2019-04-10T04:00:00.000Z,2021-03-08T05:00:00.000Z,,APPROVED,HMGP,NOT SPECIFIED,205.8: RETROFITTING PUBLIC STRUCTURES - WIND,1,,0 - 49%,NO,NO,609EA7A32B72A70850D01240
4337,4,12,FLORIDA,105,POLK,BABSON,33827,DR-4337-0423-R,WIND RETROFIT,NON-RESIDENTIAL - PUBLIC,OTHER (SPECIFY IN COMMENTS),,2017,2020-10-13T04:00:00.000Z,2020-10-13T04:00:00.000Z,,APPROVED,HMGP,NOT SPECIFIED,205.8: RETROFITTING PUBLIC STRUCTURES - WIND,1,,0 - 49%,NO,NO,609EA7A32B72A70850D01486
4337,4,12,FLORIDA,86,MIAMI-DADE,MIAMI,33033,DR-4337-0356-R,WIND RETROFIT,NON-RESIDENTIAL - PUBLIC,,,2017,2019-12-13T05:00:00.000Z,2021-03-23T04:00:00.000Z,,APPROVED,HMGP,NOT SPECIFIED,"205.8: RETROFITTING PUBLIC STRUCTURES - WIND; 
601.2: GENERATORS - REGULAR",1,,0 - 49%,NO,NO,609EA7A42B72A70850D0194A
4337,4,12,FLORIDA,,,NAPLES,34108,DR-4337-0361-R,OTHER (SPECIFY IN COMMENTS),OTHER (SPECIFY IN COMMENTS),,,2017,2020-01-06T05:00:00.000Z,2020-01-06T05:00:00.000Z,,APPROVED,HMGP,NOT SPECIFIED,405.1: OTHER MINOR FLOOD CONTROL,1,,0 - 49%,NO,NO,609EA7A42B72A70850D01959
4337,4,12,FLORIDA,71,LEE,CAPE CORAL,33990,DR-4337-0101-R,WIND RETROFIT,NON-RESIDENTIAL - PUBLIC,,,2017,2019-06-19T04:00:00.000Z,2019-06-19T04:00:00.000Z,,APPROVED,HMGP,NOT SPECIFIED,"205.8: RETROFITTING PUBLIC STRUCTURES - WIND; 
601.1: GENERATORS",1,,0 - 49%,NO,NO,609EA7A42B72A70850D01A3F
4337,4,12,FLORIDA,127,VOLUSIA,NEW SMYRNA BEACH,32169,DR-4337-0197-R,ELEVATION,SINGLE FAMILY,OWNER OCCUPIED - PRINCIPAL RESIDENCE,,2017,2020-03-11T04:00:00.000Z,2021-04-20T04:00:00.000Z,,APPROVED,HMGP,NOT SPECIFIED,202.2: ELEVATION OF PRIVATE STRUCTURES - COASTAL,9,,0 - 49%,NO,NO,609EA7A42B72A70850D01BF7
4337,4,12,FLORIDA,105,POLK,LAKE WALES,33859,DR-4337-0423-R,WIND RETROFIT,NON-RESIDENTIAL - PRIVATE,OTHER (SPECIFY IN COMMENTS),,2017,2020-10-13T04:00:00.000Z,2020-10-13T04:00:00.000Z,,APPROVED,HMGP,NOT SPECIFIED,205.8: RETROFITTING PUBLIC STRUCTURES - WIND,2,,0 - 49%,NO,NO,609EA7A42B72A70850D01CB7
4337,4,12,FLORIDA,9,BREVARD,MELBOURNE ,32901,DR-4337-0037-R,WIND RETROFIT,NON-RESIDENTIAL - PUBLIC,NOT APPLICABLE,,2017,2019-04-10T04:00:00.000Z,2021-02-05T05:00:00.000Z,,APPROVED,HMGP,NOT SPECIFIED,205.8: RETROFITTING PUBLIC STRUCTURES - WIND,1,,0 - 49%,NO,NO,609EA7A42B72A70850D01CFA
4337,4,12,FLORIDA,86,MIAMI-DADE,MAIMI SHORES VILLAGE,33138,DR-4337-0372-R,OTHER (SPECIFY IN COMMENTS),OTHER (SPECIFY IN COMMENTS),NOT APPLICABLE,,2017,2020-01-13T05:00:00.000Z,2021-04-19T04:00:00.000Z,,APPROVED,HMGP,NOT SPECIFIED,405.1: OTHER MINOR FLOOD CONTROL,1,,0 - 49%,NO,NO,609EA7A42B72A70850D01D2B
4337,4,12,FLORIDA,,,NEW SMYRNA BEACH,32168,DR-4337-0374-R,ELEVATION,SINGLE FAMILY,,,2017,2021-04-21T04:00:00.000Z,2021-04-21T04:00:00.000Z,,APPROVED,HMGP,NOT SPECIFIED,202.2: ELEVATION OF PRIVATE STRUCTURES - COASTAL,2,,0 - 49%,NO,NO,609EA7A42B72A70850D01EE0
4337,4,12,FLORIDA,23,COLUMBIA,LAKE CITY,32055,DR-4337-0083-R,ACQUISITION/DEMOLITION,SINGLE FAMILY,OWNER OCCUPIED - PRINCIPAL RESIDENCE,,2017,2019-07-18T04:00:00.000Z,2021-05-13T04:00:00.000Z,,APPROVED,HMGP,NOT SPECIFIED,200.1: ACQUISITION OF PRIVATE REAL PROPERTY (STRUCTURES AND LAND) - RIVERINE,4,,0 - 49%,NO,NO,609EA7A42B72A70850D01F20
4337,4,12,FLORIDA,69,LAKE,LEESBURG,32735,DR-4337-0062-R,WIND RETROFIT,NON-RESIDENTIAL - PUBLIC,NOT APPLICABLE,,2017,2019-02-21T05:00:00.000Z,2019-02-21T05:00:00.000Z,,APPROVED,HMGP,NOT SPECIFIED,205.8: RETROFITTING PUBLIC STRUCTURES - WIND,1,,0 - 49%,NO,NO,609EA7A42B72A70850D01F06
4337,4,12,FLORIDA,53,HERNANDO,HERNANDO BEACH,34607,DR-4337-0148-R,WIND RETROFIT,SINGLE FAMILY,OWNER OCCUPIED - PRINCIPAL RESIDENCE,,2017,2019-09-25T04:00:00.000Z,2021-04-14T04:00:00.000Z,,APPROVED,HMGP,NOT SPECIFIED,"202.2: ELEVATION OF PRIVATE STRUCTURES - COASTAL; 
205.7: RETROFITTING PRIVATE STRUCTURES - WIND",1,,0 - 49%,NO,NO,609EA7A42B72A70850D022A3
4337,4,12,FLORIDA,87,MONROE,MARATHON,33050,DR-4337-0066-R,SAFE ROOM/WIND SHELTER,NON-RESIDENTIAL - PUBLIC,NOT APPLICABLE,,2017,2019-04-25T04:00:00.000Z,2021-05-13T04:00:00.000Z,,APPROVED,HMGP,NOT SPECIFIED,"206.2: SAFE ROOM (TORNADO AND SEVERE WIND SHELTER) - PUBLIC STRUCTURES; 
601.2: GENERATORS - REGULAR",1,,0 - 49%,NO,NO,609EA7A42B72A70850D023D2
4337,4,12,FLORIDA,75,LEVY,YANKEETOWN,34498,DR-4337-0185-R,OTHER (SPECIFY IN COMMENTS),VACANT LAND,NOT APPLICABLE,,2017,2019-06-19T04:00:00.000Z,2021-05-13T04:00:00.000Z,,APPROVED,HMGP,NOT SPECIFIED,405.1: OTHER MINOR FLOOD CONTROL,1,,0 - 49%,NO,NO,609EA7A42B72A70850D02482
4337,4,12,FLORIDA,9,BREVARD,PALM BAY,32907,DR-4337-0044-R,WIND RETROFIT,NON-RESIDENTIAL - PUBLIC,,,2017,2019-01-14T05:00:00.000Z,2020-01-06T05:00:00.000Z,,APPROVED,HMGP,NOT SPECIFIED,"205.8: RETROFITTING PUBLIC STRUCTURES - WIND; 
601.2: GENERATORS - REGULAR",2,,0 - 49%,NO,NO,609EA7A42B72A70850D02593
4337,4,12,FLORIDA,71,LEE,BONITA ,34135,DR-4337-0265-R,OTHER (SPECIFY IN COMMENTS),OTHER (SPECIFY IN COMMENTS),NOT APPLICABLE,,2017,2019-08-22T04:00:00.000Z,2021-04-05T04:00:00.000Z,,APPROVED,HMGP,NOT SPECIFIED,405.1: OTHER MINOR FLOOD CONTROL,1,,0 - 49%,NO,NO,609EA7A42B72A70850D025E2
4337,4,12,FLORIDA,,,EDGEWATER,32132,DR-4337-0354-R,NO ACTION,OTHER (SPECIFY IN COMMENTS),,,2017,2019-12-13T05:00:00.000Z,2019-12-13T05:00:00.000Z,,APPROVED,HMGP,NOT SPECIFIED,"205.8: RETROFITTING PUBLIC STRUCTURES - WIND; 
206.2: SAFE ROOM (TORNADO AND SEVERE WIND SHELTER) - PUBLIC STRUCTURES",1,,0 - 49%,NO,NO,609EA7A42B72A70850D0262B
4337,4,12,FLORIDA,69,LAKE,UMATILL,32784,DR-4337-0062-R,WIND RETROFIT,NON-RESIDENTIAL - PUBLIC,NOT APPLICABLE,,2017,2019-02-21T05:00:00.000Z,2019-02-21T05:00:00.000Z,,APPROVED,HMGP,NOT SPECIFIED,205.8: RETROFITTING PUBLIC STRUCTURES - WIND,1,,0 - 49%,NO,NO,609EA7A42B72A70850D0274A
4337,4,12,FLORIDA,105,POLK,HAINES CITY,33884,DR-4337-0423-R,WIND RETROFIT,NON-RESIDENTIAL - PRIVATE,OTHER (SPECIFY IN COMMENTS),,2017,2020-10-13T04:00:00.000Z,2020-10-13T04:00:00.000Z,,APPROVED,HMGP,NOT SPECIFIED,205.8: RETROFITTING PUBLIC STRUCTURES - WIND,1,,0 - 49%,NO,NO,609EA7A42B72A70850D02987
4337,4,12,FLORIDA,9,BREVARD,PALM BAY,32909,DR-4337-0044-R,WIND RETROFIT,NON-RESIDENTIAL - PUBLIC,,,2017,2019-01-14T05:00:00.000Z,2020-01-06T05:00:00.000Z,,APPROVED,HMGP,NOT SPECIFIED,"205.8: RETROFITTING PUBLIC STRUCTURES - WIND; 
601.2: GENERATORS - REGULAR",1,,0 - 49%,NO,NO,609EA7A42B72A70850D02984
4337,4,12,FLORIDA,19,CLAY,ORANGE PARK,32073,DR-4337-0126-R,WIND RETROFIT,NON-RESIDENTIAL - PUBLIC,NOT APPLICABLE,,2017,2019-05-06T04:00:00.000Z,2021-03-08T05:00:00.000Z,,APPROVED,HMGP,NOT SPECIFIED,205.8: RETROFITTING PUBLIC STRUCTURES - WIND,1,,0 - 49%,NO,NO,609EA7A42B72A70850D02AB4
4337,4,12,FLORIDA,23,COLUMBIA,LAKE CITY,32025,DR-4337-0083-R,ACQUISITION/DEMOLITION,SINGLE FAMILY,OWNER OCCUPIED - PRINCIPAL RESIDENCE,,2017,2019-07-18T04:00:00.000Z,2021-05-13T04:00:00.000Z,,APPROVED,HMGP,NOT SPECIFIED,200.1: ACQUISITION OF PRIVATE REAL PROPERTY (STRUCTURES AND LAND) - RIVERINE,1,,0 - 49%,NO,NO,609EA7A42B72A70850D02AB8
4337,4,12,FLORIDA,21,COLLIER,NAPLES,34105,DR-4337-0192-R,OTHER (SPECIFY IN COMMENTS),OTHER (SPECIFY IN COMMENTS),NOT APPLICABLE,,2017,2019-07-24T04:00:00.000Z,2019-07-24T04:00:00.000Z,,APPROVED,HMGP,NOT SPECIFIED,405.1: OTHER MINOR FLOOD CONTROL,1,,0 - 49%,NO,NO,609EA7A42B72A70850D02CAE
4337,4,12,FLORIDA,21,COLLIER,LAKE CITY,32055,DR-4337-0083-R,ACQUISITION/DEMOLITION,SINGLE FAMILY,OWNER OCCUPIED - PRINCIPAL RESIDENCE,,2017,2019-07-18T04:00:00.000Z,2021-05-13T04:00:00.000Z,,APPROVED,HMGP,NOT SPECIFIED,200.1: ACQUISITION OF PRIVATE REAL PROPERTY (STRUCTURES AND LAND) - RIVERINE,1,,0 - 49%,NO,NO,609EA7A42B72A70850D02E66
4337,4,12,FLORIDA,53,HERNANDO,WEEKI WACHEE,34607,DR-4337-0035-R,ELEVATION,SINGLE FAMILY,OWNER OCCUPIED - PRINCIPAL RESIDENCE,,2017,2020-01-06T05:00:00.000Z,2021-04-14T04:00:00.000Z,,APPROVED,HMGP,NOT SPECIFIED,202.2: ELEVATION OF PRIVATE STRUCTURES - COASTAL,1,,0 - 49%,NO,NO,609EA7A42B72A70850D03236
4337,4,12,FLORIDA,86,MIAMI-DADE,MIAMI LAKES,33014,DR-4337-0473-R,WIND RETROFIT,NON-RESIDENTIAL - PUBLIC,OTHER (SPECIFY IN COMMENTS),,2017,2020-07-06T04:00:00.000Z,2021-03-23T04:00:00.000Z,,APPROVED,HMGP,NOT SPECIFIED,205.8: RETROFITTING PUBLIC STRUCTURES - WIND,1,,0 - 49%,NO,NO,609EA7A52B72A70850D0333C
4337,4,12,FLORIDA,11,BROWARD,COOPER CITY,33026,DR-4337-0100-R,WIND RETROFIT,NON-RESIDENTIAL - PUBLIC,NOT APPLICABLE,,2017,2019-04-17T04:00:00.000Z,2020-06-25T04:00:00.000Z,,APPROVED,HMGP,NOT SPECIFIED,205.8: RETROFITTING PUBLIC STRUCTURES - WIND,1,,0 - 49%,NO,NO,609EA7A52B72A70850D03861
4337,4,12,FLORIDA,86,MIAMI-DADE,DORAL,33178,DR-4337-0090-R,WIND RETROFIT,NON-RESIDENTIAL - PUBLIC,OTHER (SPECIFY IN COMMENTS),,2017,2019-04-25T04:00:00.000Z,2021-01-15T05:00:00.000Z,,APPROVED,HMGP,NOT SPECIFIED,205.8: RETROFITTING PUBLIC STRUCTURES - WIND,1,,0 - 49%,NO,NO,609EA7A52B72A70850D03A99
4337,4,12,FLORIDA,127,VOLUSIA,NEW SMYRNA BEACH,32169,DR-4337-0373-R,MITIGATION RECONSTRUCTION,SINGLE FAMILY,,,2017,2021-05-10T04:00:00.000Z,2021-05-10T04:00:00.000Z,,APPROVED,HMGP,NOT SPECIFIED,207.2: MITIGATION RECONSTRUCTION,12,,0 - 49%,NO,NO,609EA7A52B72A70850D03AC1
4337,4,12,FLORIDA,35,FLAGLER,PALM COAST,32164,DR-4337-0345-R,WIND RETROFIT,NON-RESIDENTIAL - PUBLIC,OTHER (SPECIFY IN COMMENTS),,2017,2020-01-30T05:00:00.000Z,2021-05-03T04:00:00.000Z,,APPROVED,HMGP,NOT SPECIFIED,205.8: RETROFITTING PUBLIC STRUCTURES - WIND,1,,0 - 49%,NO,NO,609EA7A52B72A70850D03AC5
4337,4,12,FLORIDA,71,LEE,SANIBEL,33957,DR-4337-0168-R,WIND RETROFIT,NON-RESIDENTIAL - PUBLIC,NOT APPLICABLE,,2017,2019-06-19T04:00:00.000Z,2021-04-14T04:00:00.000Z,,APPROVED,HMGP,NOT SPECIFIED,205.8: RETROFITTING PUBLIC STRUCTURES - WIND,1,,0 - 49%,NO,NO,609EA7A52B72A70850D03B10
4337,4,12,FLORIDA,127,VOLUSIA,ORMOND BEACH,32174,DR-4337-0065-R,WIND RETROFIT,NON-RESIDENTIAL - PUBLIC,NOT APPLICABLE,,2017,2019-02-15T05:00:00.000Z,2019-02-15T05:00:00.000Z,,APPROVED,HMGP,NOT SPECIFIED,205.8: RETROFITTING PUBLIC STRUCTURES - WIND,1,,0 - 49%,NO,NO,609EA7A52B72A70850D03BA0
4337,4,12,FLORIDA,57,HILLSBOROUGH,TAMPA,33602,DR-4337-0134-R,WIND RETROFIT,NON-RESIDENTIAL - PUBLIC,NOT APPLICABLE,,2017,2019-05-15T04:00:00.000Z,2019-05-15T04:00:00.000Z,,APPROVED,HMGP,NOT SPECIFIED,205.8: RETROFITTING PUBLIC STRUCTURES - WIND,1,,0 - 49%,NO,NO,609EA7A52B72A70850D03C1C
4337,4,12,FLORIDA,127,VOLUSIA,PORT ORANGE,32129,DR-4337-0352-R,WIND RETROFIT,NON-RESIDENTIAL - PUBLIC,NOT APPLICABLE,,2017,2019-12-13T05:00:00.000Z,2019-12-13T05:00:00.000Z,,APPROVED,HMGP,NOT SPECIFIED,"205.8: RETROFITTING PUBLIC STRUCTURES - WIND; 
602.1: OTHER EQUIPMENT PURCHASE AND INSTALLATION",1,,0 - 49%,NO,NO,609EA7A52B72A70850D03C63
4337,4,12,FLORIDA,11,BROWARD,PEMBROKE PINES,33025,DR-4337-0021-R,WIND RETROFIT,NON-RESIDENTIAL - PUBLIC,OTHER (SPECIFY IN COMMENTS),,2017,2018-11-15T05:00:00.000Z,2021-01-05T05:00:00.000Z,,APPROVED,HMGP,NOT SPECIFIED,"205.8: RETROFITTING PUBLIC STRUCTURES - WIND; 
601.2: GENERATORS - REGULAR",1,,0 - 49%,NO,NO,609EA7A52B72A70850D03C64
4337,4,12,FLORIDA,21,COLLIER,NAPLES,34120,DR-4337-0194-R,WIND RETROFIT,NON-RESIDENTIAL - PUBLIC,NOT APPLICABLE,,2017,2019-07-24T04:00:00.000Z,2021-04-14T04:00:00.000Z,,APPROVED,HMGP,NOT SPECIFIED,205.8: RETROFITTING PUBLIC STRUCTURES - WIND,1,,0 - 49%,NO,NO,609EA7A52B72A70850D03D7F
4337,4,12,FLORIDA,81,MANATEE,HOLMES BEACH,34217,DR-4337-0214-R,NO ACTION,OTHER (SPECIFY IN COMMENTS),NOT APPLICABLE,,2017,2019-07-17T04:00:00.000Z,2021-04-19T04:00:00.000Z,,APPROVED,HMGP,NOT SPECIFIED,403.2: STORMWATER MANAGEMENT - DIVERSIONS,1,,0 - 49%,NO,NO,609EA7A52B72A70850D03DB9
4337,4,12,FLORIDA,87,MONROE,ISLAMORADA,33036,DR-4337-0348-R,OTHER (SPECIFY IN COMMENTS),OTHER (SPECIFY IN COMMENTS),NOT APPLICABLE,,2017,2019-12-13T05:00:00.000Z,2019-12-13T05:00:00.000Z,,APPROVED,HMGP,NOT SPECIFIED,"204.4: DRY FLOODPROOFING PUBLIC STRUCTURES - COASTAL; 
601.2: GENERATORS - REGULAR",1,,0 - 49%,NO,NO,609EA7A52B72A70850D03DE0
4337,4,12,FLORIDA,127,VOLUSIA,PORT ORANGE,32129,DR-4337-0061-R,WIND RETROFIT,NON-RESIDENTIAL - PUBLIC,NOT APPLICABLE,,2017,2019-02-05T05:00:00.000Z,2019-02-05T05:00:00.000Z,,APPROVED,HMGP,NOT SPECIFIED,"205.8: RETROFITTING PUBLIC STRUCTURES - WIND; 
601.2: GENERATORS - REGULAR",1,,0 - 49%,NO,NO,609EA7A52B72A70850D03EB7
4337,4,12,FLORIDA,21,COLLIER,NAPLES,34105,DR-4337-0225-R,OTHER (SPECIFY IN COMMENTS),VACANT LAND,,,2017,2019-07-24T04:00:00.000Z,2019-07-24T04:00:00.000Z,,APPROVED,HMGP,NOT SPECIFIED,405.1: OTHER MINOR FLOOD CONTROL,1,,0 - 49%,NO,NO,609EA7A52B72A70850D03F0A
4337,4,12,FLORIDA,105,POLK,WINTER HAVEN ,33884,DR-4337-0423-R,WIND RETROFIT,NON-RESIDENTIAL - PUBLIC,OTHER (SPECIFY IN COMMENTS),,2017,2020-10-13T04:00:00.000Z,2020-10-13T04:00:00.000Z,,APPROVED,HMGP,NOT SPECIFIED,205.8: RETROFITTING PUBLIC STRUCTURES - WIND,1,,0 - 49%,NO,NO,609EA7A52B72A70850D04123
4337,4,12,FLORIDA,71,LEE,SANIBEL,33957,DR-4337-0341-R,OTHER (SPECIFY IN COMMENTS),VACANT LAND,NOT APPLICABLE,,2017,2019-12-05T05:00:00.000Z,2021-05-03T04:00:00.000Z,,APPROVED,HMGP,NOT SPECIFIED,405.1: OTHER MINOR FLOOD CONTROL,1,,0 - 49%,NO,NO,609EA7A52B72A70850D043B9
4337,4,12,FLORIDA,105,POLK,AUBURNDALE,33823,DR-4337-0423-R,WIND RETROFIT,NON-RESIDENTIAL - PUBLIC,OTHER (SPECIFY IN COMMENTS),,2017,2020-10-13T04:00:00.000Z,2020-10-13T04:00:00.000Z,,APPROVED,HMGP,NOT SPECIFIED,205.8: RETROFITTING PUBLIC STRUCTURES - WIND,1,,0 - 49%,NO,NO,609EA7A52B72A70850D0442D
4337,4,12,FLORIDA,95,ORANGE,ORLANDO,32804,DR-4337-0226-R,OTHER (SPECIFY IN COMMENTS),VACANT LAND,,,2017,2019-07-24T04:00:00.000Z,2019-07-24T04:00:00.000Z,,APPROVED,HMGP,NOT SPECIFIED,405.1: OTHER MINOR FLOOD CONTROL,1,,0 - 49%,NO,NO,609EA7A52B72A70850D0443D
4337,4,12,FLORIDA,11,BROWARD,DAVIE,33325,DR-4337-0146-R,WIND RETROFIT,NON-RESIDENTIAL - PUBLIC,NOT APPLICABLE,,2017,2019-06-05T04:00:00.000Z,2021-02-03T05:00:00.000Z,,APPROVED,HMGP,NOT SPECIFIED,205.8: RETROFITTING PUBLIC STRUCTURES - WIND,1,,0 - 49%,NO,NO,609EA7A52B72A70850D04516
4337,4,12,FLORIDA,69,LAKE,UMATILLA,32784,DR-4337-0062-R,WIND RETROFIT,NON-RESIDENTIAL - PUBLIC,NOT APPLICABLE,,2017,2019-02-21T05:00:00.000Z,2019-02-21T05:00:00.000Z,,APPROVED,HMGP,NOT SPECIFIED,205.8: RETROFITTING PUBLIC STRUCTURES - WIND,1,,0 - 49%,NO,NO,609EA7A52B72A70850D04528
4337,4,12,FLORIDA,51,HENDRY,CLEWISTON,33440,DR-4337-0067-R,WILDFIRE RETROFIT,NON-RESIDENTIAL - PUBLIC,NOT APPLICABLE,,2017,2019-02-21T05:00:00.000Z,2019-02-21T05:00:00.000Z,,APPROVED,HMGP,NOT SPECIFIED,"205.8: RETROFITTING PUBLIC STRUCTURES - WIND; 
601.1: GENERATORS",1,,0 - 49%,NO,NO,609EA7A52B72A70850D04575
4337,4,12,FLORIDA,31,DUVAL,JACKSONVILLE,32258,DR-4337-0092-R,ELEVATION,SINGLE FAMILY,OWNER OCCUPIED - PRINCIPAL RESIDENCE,,2017,2019-12-13T05:00:00.000Z,2021-05-13T04:00:00.000Z,,APPROVED,HMGP,NOT SPECIFIED,202.1: ELEVATION OF PRIVATE STRUCTURES - RIVERINE,1,,0 - 49%,NO,NO,609EA7A52B72A70850D0462C
4337,4,12,FLORIDA,105,POLK,LAKELAND,33813,DR-4337-0423-R,WIND RETROFIT,NON-RESIDENTIAL - PRIVATE,OTHER (SPECIFY IN COMMENTS),,2017,2020-10-13T04:00:00.000Z,2020-10-13T04:00:00.000Z,,APPROVED,HMGP,NOT SPECIFIED,205.8: RETROFITTING PUBLIC STRUCTURES - WIND,2,,0 - 49%,NO,NO,609EA7A52B72A70850D04741
4337,4,12,FLORIDA,105,POLK,DUNDEE,33838,DR-4337-0108-R,WIND RETROFIT,NON-RESIDENTIAL - PUBLIC,NOT APPLICABLE,,2017,2019-06-13T04:00:00.000Z,2021-03-23T04:00:00.000Z,,APPROVED,HMGP,NOT SPECIFIED,205.8: RETROFITTING PUBLIC STRUCTURES - WIND,1,,0 - 49%,NO,NO,609EA7A52B72A70850D047F2
4337,4,12,FLORIDA,51,HENDRY,LABELLE,33935,DR-4337-0067-R,WIND RETROFIT,NON-RESIDENTIAL - PUBLIC,NOT APPLICABLE,,2017,2019-02-21T05:00:00.000Z,2019-02-21T05:00:00.000Z,,APPROVED,HMGP,NOT SPECIFIED,"205.8: RETROFITTING PUBLIC STRUCTURES - WIND; 
601.1: GENERATORS",1,,0 - 49%,NO,NO,609EA7A62B72A70850D0520D
4337,4,12,FLORIDA,9,BREVARD,MELBOURNE,32935,DR-4337-0037-R,WIND RETROFIT,NON-RESIDENTIAL - PUBLIC,OTHER (SPECIFY IN COMMENTS),,2017,2019-04-10T04:00:00.000Z,2021-02-05T05:00:00.000Z,,APPROVED,HMGP,NOT SPECIFIED,205.8: RETROFITTING PUBLIC STRUCTURES - WIND,1,,0 - 49%,NO,NO,609EA7A62B72A70850D05582
4337,4,12,FLORIDA,11,BROWARD,COOPER CITY,33026,DR-4337-0099-R,WIND RETROFIT,NON-RESIDENTIAL - PUBLIC,NOT APPLICABLE,,2017,2019-04-30T04:00:00.000Z,2019-04-30T04:00:00.000Z,,APPROVED,HMGP,NOT SPECIFIED,"205.8: RETROFITTING PUBLIC STRUCTURES - WIND; 
601.2: GENERATORS - REGULAR",1,,0 - 49%,NO,NO,609EA7A62B72A70850D05A79
4337,4,12,FLORIDA,105,POLK,DUNDEE,33838,DR-4337-0423-R,WIND RETROFIT,NON-RESIDENTIAL - PRIVATE,OTHER (SPECIFY IN COMMENTS),,2017,2020-10-13T04:00:00.000Z,2020-10-13T04:00:00.000Z,,APPROVED,HMGP,NOT SPECIFIED,205.8: RETROFITTING PUBLIC STRUCTURES - WIND,1,,0 - 49%,NO,NO,609EA7A62B72A70850D05B35
4337,4,12,FLORIDA,105,POLK,BARTOW,33830,DR-4337-0423-R,WIND RETROFIT,NON-RESIDENTIAL - PUBLIC,OTHER (SPECIFY IN COMMENTS),,2017,2020-10-13T04:00:00.000Z,2020-10-13T04:00:00.000Z,,APPROVED,HMGP,NOT SPECIFIED,205.8: RETROFITTING PUBLIC STRUCTURES - WIND,1,,0 - 49%,NO,NO,609EA7A62B72A70850D05B8D
4337,4,12,FLORIDA,105,POLK,EAGLE LAKE,33839,DR-4337-0423-R,WIND RETROFIT,NON-RESIDENTIAL - PUBLIC,OTHER (SPECIFY IN COMMENTS),,2017,2020-10-13T04:00:00.000Z,2020-10-13T04:00:00.000Z,,APPROVED,HMGP,NOT SPECIFIED,205.8: RETROFITTING PUBLIC STRUCTURES - WIND,1,,0 - 49%,NO,NO,609EA7A62B72A70850D05BEE
4337,4,12,FLORIDA,86,MIAMI-DADE,MIAMI,33127,DR-4337-0190-R,OTHER (SPECIFY IN COMMENTS),OTHER (SPECIFY IN COMMENTS),NOT APPLICABLE,,2017,2019-06-13T04:00:00.000Z,2021-03-08T05:00:00.000Z,,APPROVED,HMGP,NOT SPECIFIED,"205.8: RETROFITTING PUBLIC STRUCTURES - WIND; 
601.2: GENERATORS - REGULAR",1,,0 - 49%,NO,NO,609EA7A62B72A70850D05BED
4337,4,12,FLORIDA,11,BROWARD,MIRAMAR,33023,DR-4337-0436-R,WIND RETROFIT,NON-RESIDENTIAL - PUBLIC,OTHER (SPECIFY IN COMMENTS),,2017,2020-05-13T04:00:00.000Z,2020-05-13T04:00:00.000Z,,APPROVED,HMGP,NOT SPECIFIED,205.8: RETROFITTING PUBLIC STRUCTURES - WIND,1,,0 - 49%,NO,NO,609EA7A62B72A70850D05CA2
4337,4,12,FLORIDA,71,LEE,FORT MEYERS,33916,DR-4337-0169-R,OTHER (SPECIFY IN COMMENTS),OTHER (SPECIFY IN COMMENTS),NOT APPLICABLE,,2017,2019-06-19T04:00:00.000Z,2019-06-19T04:00:00.000Z,,APPROVED,HMGP,NOT SPECIFIED,405.1: OTHER MINOR FLOOD CONTROL,1,,0 - 49%,NO,NO,609EA7A62B72A70850D05C99
4337,4,12,FLORIDA,105,POLK,NALCREST,33856,DR-4337-0423-R,WIND RETROFIT,NON-RESIDENTIAL - PRIVATE,OTHER (SPECIFY IN COMMENTS),,2017,2020-10-13T04:00:00.000Z,2020-10-13T04:00:00.000Z,,APPROVED,HMGP,NOT SPECIFIED,205.8: RETROFITTING PUBLIC STRUCTURES - WIND,2,,0 - 49%,NO,NO,609EA7A62B72A70850D05D60
4337,4,12,FLORIDA,9,BREVARD,ROCKLEDGE,32955,DR-4337-0174-R,ACQUISITION/DEMOLITION,SINGLE FAMILY,OWNER OCCUPIED - PRINCIPAL RESIDENCE,,2017,2020-10-02T04:00:00.000Z,2020-10-02T04:00:00.000Z,,APPROVED,HMGP,NOT SPECIFIED,200.1: ACQUISITION OF PRIVATE REAL PROPERTY (STRUCTURES AND LAND) - RIVERINE,4,,0 - 49%,NO,NO,609EA7A62B72A70850D05DC5
4337,4,12,FLORIDA,69,LAKE,CLERMONT,34714,DR-4337-0062-R,WIND RETROFIT,NON-RESIDENTIAL - PUBLIC,NOT APPLICABLE,,2017,2019-02-21T05:00:00.000Z,2019-02-21T05:00:00.000Z,,APPROVED,HMGP,NOT SPECIFIED,205.8: RETROFITTING PUBLIC STRUCTURES - WIND,2,,0 - 49%,NO,NO,609EA7A62B72A70850D05E40
4337,4,12,FLORIDA,21,COLLIER,MARCO ISLAND,34145,DR-4337-0144-R,WIND RETROFIT,NON-RESIDENTIAL - PUBLIC,,,2017,2019-06-06T04:00:00.000Z,2021-04-19T04:00:00.000Z,,APPROVED,HMGP,NOT SPECIFIED,205.8: RETROFITTING PUBLIC STRUCTURES - WIND,1,,0 - 49%,NO,NO,609EA7A62B72A70850D061E0
4337,4,12,FLORIDA,105,POLK,LAKELAND,33803,DR-4337-0423-R,WIND RETROFIT,NON-RESIDENTIAL - PRIVATE,OTHER (SPECIFY IN COMMENTS),,2017,2020-10-13T04:00:00.000Z,2020-10-13T04:00:00.000Z,,APPROVED,HMGP,NOT SPECIFIED,205.8: RETROFITTING PUBLIC STRUCTURES - WIND,1,,0 - 49%,NO,NO,609EA7A62B72A70850D06233
4337,4,12,FLORIDA,86,MIAMI-DADE,MIAMI,33133,DR-4337-0355-R,OTHER (SPECIFY IN COMMENTS),OTHER (SPECIFY IN COMMENTS),,,2017,2019-12-13T05:00:00.000Z,2021-03-12T05:00:00.000Z,,APPROVED,HMGP,NOT SPECIFIED,205.8: RETROFITTING PUBLIC STRUCTURES - WIND,1,,0 - 49%,NO,NO,609EA7A62B72A70850D0622B
4337,4,12,FLORIDA,69,LAKE,ALTOONA,32702,DR-4337-0062-R,WIND RETROFIT,NON-RESIDENTIAL - PUBLIC,NOT APPLICABLE,,2017,2019-02-21T05:00:00.000Z,2019-02-21T05:00:00.000Z,,APPROVED,HMGP,NOT SPECIFIED,205.8: RETROFITTING PUBLIC STRUCTURES - WIND,1,,0 - 49%,NO,NO,609EA7A62B72A70850D06725
4337,4,12,FLORIDA,11,BROWARD,PLANTATION,33324,DR-4337-0264-R,WIND RETROFIT,NON-RESIDENTIAL - PUBLIC,NOT APPLICABLE,,2017,2019-12-13T05:00:00.000Z,2021-04-14T04:00:00.000Z,,APPROVED,HMGP,NOT SPECIFIED,205.8: RETROFITTING PUBLIC STRUCTURES - WIND,1,,0 - 49%,NO,NO,609EA7A62B72A70850D06719
4337,4,12,FLORIDA,86,MIAMI-DADE,MIAMI,33157,DR-4337-0464-R,WIND RETROFIT,NON-RESIDENTIAL - PUBLIC,OTHER (SPECIFY IN COMMENTS),,2017,2020-06-04T04:00:00.000Z,2021-03-23T04:00:00.000Z,,APPROVED,HMGP,NOT SPECIFIED,205.8: RETROFITTING PUBLIC STRUCTURES - WIND,1,,0 - 49%,NO,NO,609EA7A62B72A70850D068CA
4337,4,12,FLORIDA,11,BROWARD,OAKLAND PARK,33309,DR-4337-0167-R,WIND RETROFIT,NON-RESIDENTIAL - PUBLIC,NOT APPLICABLE,,2017,2019-06-13T04:00:00.000Z,2019-06-13T04:00:00.000Z,,APPROVED,HMGP,NOT SPECIFIED,"205.8: RETROFITTING PUBLIC STRUCTURES - WIND; 
601.2: GENERATORS - REGULAR",1,,0 - 49%,NO,NO,609EA7A72B72A70850D06B81
4337,4,12,FLORIDA,83,MARION,OCALA,34471,DR-4337-0358-R,OTHER (SPECIFY IN COMMENTS),OTHER (SPECIFY IN COMMENTS),,,2017,2019-12-13T05:00:00.000Z,2021-01-21T05:00:00.000Z,,APPROVED,HMGP,NOT SPECIFIED,"103.1: FEASIBILITY, ENGINEERING AND DESIGN STUDIES; 
405.1: OTHER MINOR FLOOD CONTROL",1,,0 - 49%,NO,NO,609EA7A72B72A70850D06B85
4337,4,12,FLORIDA,117,SEMINOLE,ALTAMONTE SPRINGS,32701,DR-4337-0238-R,NO ACTION,VACANT LAND,NOT APPLICABLE,,2017,2019-08-01T04:00:00.000Z,2021-04-19T04:00:00.000Z,,APPROVED,HMGP,NOT SPECIFIED,"103.1: FEASIBILITY, ENGINEERING AND DESIGN STUDIES",1,,0 - 49%,NO,NO,609EA7A72B72A70850D06CC4
4337,4,12,FLORIDA,11,BROWARD,FORT LAUDERDALE,33311,DR-4337-0093-R,WIND RETROFIT,NON-RESIDENTIAL - PUBLIC,OTHER (SPECIFY IN COMMENTS),,2017,2019-10-16T04:00:00.000Z,2021-03-08T05:00:00.000Z,,APPROVED,HMGP,NOT SPECIFIED,"205.8: RETROFITTING PUBLIC STRUCTURES - WIND; 
601.2: GENERATORS - REGULAR",1,,0 - 49%,NO,NO,609EA7A72B72A70850D06D81
4337,4,12,FLORIDA,115,SARASOTA,TOWN OF LONGBOAT KEY,34228,DR-4337-0346-R,WIND RETROFIT,NON-RESIDENTIAL - PUBLIC,,,2017,2019-12-05T05:00:00.000Z,2021-04-19T04:00:00.000Z,,APPROVED,HMGP,NOT SPECIFIED,"205.8: RETROFITTING PUBLIC STRUCTURES - WIND; 
601.2: GENERATORS - REGULAR",1,,0 - 49%,NO,NO,609EA7A72B72A70850D070E3
4337,4,12,FLORIDA,11,BROWARD,DEERFIELD BEACH,33441,DR-4337-0240-R,WIND RETROFIT,NON-RESIDENTIAL - PUBLIC,NOT APPLICABLE,,2017,2019-08-08T04:00:00.000Z,2021-04-02T04:00:00.000Z,,APPROVED,HMGP,NOT SPECIFIED,"205.8: RETROFITTING PUBLIC STRUCTURES - WIND; 
403.2: STORMWATER MANAGEMENT - DIVERSIONS",1,,0 - 49%,NO,NO,609EA7A72B72A70850D07736
4337,4,12,FLORIDA,9,BREVARD,MELBOURNE,32932,DR-4337-0037-R,WIND RETROFIT,NON-RESIDENTIAL - PUBLIC,NOT APPLICABLE,,2017,2019-04-10T04:00:00.000Z,2021-02-05T05:00:00.000Z,,APPROVED,HMGP,NOT SPECIFIED,205.8: RETROFITTING PUBLIC STRUCTURES - WIND,1,,0 - 49%,NO,NO,609EA7A72B72A70850D07938
4337,4,12,FLORIDA,69,LAKE,LEESBURG,34748,DR-4337-0062-R,WIND RETROFIT,NON-RESIDENTIAL - PUBLIC,NOT APPLICABLE,,2017,2019-02-21T05:00:00.000Z,2019-02-21T05:00:00.000Z,,APPROVED,HMGP,NOT SPECIFIED,205.8: RETROFITTING PUBLIC STRUCTURES - WIND,2,,0 - 49%,NO,NO,609EA7A72B72A70850D079FD
4337,4,12,FLORIDA,9,BREVARD,MELBOURNE,32935,DR-4337-0037-R,WIND RETROFIT,NON-RESIDENTIAL - PUBLIC,NOT APPLICABLE,,2017,2019-04-10T04:00:00.000Z,2021-02-05T05:00:00.000Z,,APPROVED,HMGP,NOT SPECIFIED,205.8: RETROFITTING PUBLIC STRUCTURES - WIND,1,,0 - 49%,NO,NO,609EA7A72B72A70850D07B0A
4337,4,12,FLORIDA,21,COLLIER,NAPLES,34105,DR-4337-0378-R,OTHER (SPECIFY IN COMMENTS),OTHER (SPECIFY IN COMMENTS),NOT APPLICABLE,,2017,2020-01-27T05:00:00.000Z,2020-01-27T05:00:00.000Z,,APPROVED,HMGP,NOT SPECIFIED,405.1: OTHER MINOR FLOOD CONTROL,1,,0 - 49%,NO,NO,609EA7A72B72A70850D07AF5
4337,4,12,FLORIDA,69,LAKE,LADY LAKE,32159,DR-4337-0062-R,WIND RETROFIT,NON-RESIDENTIAL - PUBLIC,NOT APPLICABLE,,2017,2019-02-21T05:00:00.000Z,2019-02-21T05:00:00.000Z,,APPROVED,HMGP,NOT SPECIFIED,205.8: RETROFITTING PUBLIC STRUCTURES - WIND,2,,0 - 49%,NO,NO,609EA7A72B72A70850D07B36
4337,4,12,FLORIDA,99,PALM BEACH,JUPITER,33458,DR-4337-0157-R,WIND RETROFIT,NON-RESIDENTIAL - PUBLIC,,,2017,2019-07-18T04:00:00.000Z,2019-07-18T04:00:00.000Z,,APPROVED,HMGP,NOT SPECIFIED,205.8: RETROFITTING PUBLIC STRUCTURES - WIND,1,,0 - 49%,NO,NO,609EA7A72B72A70850D07C1B
4337,4,12,FLORIDA,,,OCALA,32686,DR-4337-0359-R,OTHER (SPECIFY IN COMMENTS),OTHER (SPECIFY IN COMMENTS),,,2017,2020-02-10T05:00:00.000Z,2020-02-10T05:00:00.000Z,,APPROVED,HMGP,NOT SPECIFIED,405.1: OTHER MINOR FLOOD CONTROL,1,,0 - 49%,NO,NO,609EA7A72B72A70850D07CD5
4337,4,12,FLORIDA,127,VOLUSIA,ORMOND BEACH,32174,DR-4337-0088-R,WIND RETROFIT,NON-RESIDENTIAL - PUBLIC,OTHER (SPECIFY IN COMMENTS),,2017,2019-04-10T04:00:00.000Z,2019-04-10T04:00:00.000Z,,APPROVED,HMGP,NOT SPECIFIED,205.8: RETROFITTING PUBLIC STRUCTURES - WIND,5,,0 - 49%,NO,NO,609EA7A72B72A70850D07F05
4337,4,12,FLORIDA,105,POLK,LAKELAND,33801,DR-4337-0423-R,WIND RETROFIT,NON-RESIDENTIAL - PRIVATE,OTHER (SPECIFY IN COMMENTS),,2017,2020-10-13T04:00:00.000Z,2020-10-13T04:00:00.000Z,,APPROVED,HMGP,NOT SPECIFIED,205.8: RETROFITTING PUBLIC STRUCTURES - WIND,1,,0 - 49%,NO,NO,609EA7A72B72A70850D07FB8
4337,4,12,FLORIDA,95,ORANGE,ORLANDO,32803,DR-4337-0230-R,OTHER (SPECIFY IN COMMENTS),OTHER (SPECIFY IN COMMENTS),NOT APPLICABLE,,2017,2019-07-24T04:00:00.000Z,2019-07-24T04:00:00.000Z,,APPROVED,HMGP,NOT SPECIFIED,405.1: OTHER MINOR FLOOD CONTROL,1,,0 - 49%,NO,NO,609EA7A72B72A70850D08182
4337,4,12,FLORIDA,71,LEE,FORT MYERS BEACH,33931,DR-4337-0196-R,OTHER (SPECIFY IN COMMENTS),OTHER (SPECIFY IN COMMENTS),NOT APPLICABLE,,2017,2019-07-24T04:00:00.000Z,2019-07-24T04:00:00.000Z,,APPROVED,HMGP,NOT SPECIFIED,405.1: OTHER MINOR FLOOD CONTROL,1,,0 - 49%,NO,NO,609EA7A72B72A70850D08297
4337,4,12,FLORIDA,11,BROWARD,OAKLAND PARK,33334,DR-4337-0104-R,WIND RETROFIT,NON-RESIDENTIAL - PUBLIC,NOT APPLICABLE,,2017,2019-04-10T04:00:00.000Z,2020-09-01T04:00:00.000Z,,APPROVED,HMGP,NOT SPECIFIED,"205.8: RETROFITTING PUBLIC STRUCTURES - WIND; 
601.2: GENERATORS - REGULAR",1,,0 - 49%,NO,NO,609EA7A72B72A70850D08343
4337,4,12,FLORIDA,27,DESOTO,ARCADIA,34266,DR-4337-0072-R,WIND RETROFIT,NON-RESIDENTIAL - PUBLIC,NOT APPLICABLE,,2017,2019-02-21T05:00:00.000Z,2021-04-19T04:00:00.000Z,,APPROVED,HMGP,NOT SPECIFIED,205.8: RETROFITTING PUBLIC STRUCTURES - WIND,1,,0 - 49%,NO,NO,609EA7A72B72A70850D083DD
4337,4,12,FLORIDA,105,POLK,HIGHLAND CITY,33846,DR-4337-0423-R,WIND RETROFIT,NON-RESIDENTIAL - PRIVATE,OTHER (SPECIFY IN COMMENTS),,2017,2020-10-13T04:00:00.000Z,2020-10-13T04:00:00.000Z,,APPROVED,HMGP,NOT SPECIFIED,205.8: RETROFITTING PUBLIC STRUCTURES - WIND,1,,0 - 49%,NO,NO,609EA7A72B72A70850D0840D
4337,4,12,FLORIDA,21,COLLIER,MARCO ISLAND,34145,DR-4337-0380-R,WIND RETROFIT,NON-RESIDENTIAL - PUBLIC,OTHER (SPECIFY IN COMMENTS),,2017,2020-02-13T05:00:00.000Z,2021-01-04T05:00:00.000Z,,APPROVED,HMGP,NOT SPECIFIED,"204.4: DRY FLOODPROOFING PUBLIC STRUCTURES - COASTAL; 
205.8: RETROFITTING PUBLIC STRUCTURES - WIND",1,,0 - 49%,NO,NO,609EA7A72B72A70850D0849D
4337,4,12,FLORIDA,,BROWARD,PEMBROKE PARK,33023,DR-4337-0338-R,WIND RETROFIT,NON-RESIDENTIAL - PUBLIC,,,2017,2020-02-24T05:00:00.000Z,2021-03-12T05:00:00.000Z,,APPROVED,HMGP,NOT SPECIFIED,"205.8: RETROFITTING PUBLIC STRUCTURES - WIND; 
601.1: GENERATORS",1,,0 - 49%,NO,NO,609EA7A72B72A70850D089A2
4337,4,12,FLORIDA,11,BROWARD,HOLLYWOOD,33021,DR-4337-0052-R,WIND RETROFIT,NON-RESIDENTIAL - PUBLIC,NOT APPLICABLE,,2017,2019-03-13T04:00:00.000Z,2021-04-19T04:00:00.000Z,,APPROVED,HMGP,NOT SPECIFIED,205.8: RETROFITTING PUBLIC STRUCTURES - WIND,1,,0 - 49%,NO,NO,609EA7A72B72A70850D089DD
4337,4,12,FLORIDA,19,CLAY,MIDDLEBURG,32068,DR-4337-0127-R,OTHER (SPECIFY IN COMMENTS),VACANT LAND,,,2017,2019-04-30T04:00:00.000Z,2019-04-30T04:00:00.000Z,,APPROVED,HMGP,NOT SPECIFIED,403.4: STORMWATER MANAGEMENT - DETENTION/RETENTION BASINS,1,,0 - 49%,NO,NO,609EA7A72B72A70850D08B9E
4337,4,12,FLORIDA,86,MIAMI-DADE,MAIMI,33142,DR-4337-0158-R,WIND RETROFIT,NON-RESIDENTIAL - PUBLIC,NOT APPLICABLE,,2017,2019-09-25T04:00:00.000Z,2021-04-02T04:00:00.000Z,,APPROVED,HMGP,NOT SPECIFIED,"205.8: RETROFITTING PUBLIC STRUCTURES - WIND; 
601.2: GENERATORS - REGULAR",1,,0 - 49%,NO,NO,609EA7A82B72A70850D090EE
4337,4,12,FLORIDA,86,MIAMI-DADE,MIAMI BEACH,33139,DR-4337-0089-R,WIND RETROFIT,NON-RESIDENTIAL - PUBLIC,NOT APPLICABLE,,2017,2019-10-07T04:00:00.000Z,2019-10-07T04:00:00.000Z,,APPROVED,HMGP,NOT SPECIFIED,205.8: RETROFITTING PUBLIC STRUCTURES - WIND,1,,0 - 49%,NO,NO,609EA7A82B72A70850D095BA
4337,4,12,FLORIDA,86,MIAMI-DADE,MIAMI,33165,DR-4337-0463-R,WIND RETROFIT,NON-RESIDENTIAL - PUBLIC,OTHER (SPECIFY IN COMMENTS),,2017,2020-07-06T04:00:00.000Z,2021-03-23T04:00:00.000Z,,APPROVED,HMGP,NOT SPECIFIED,205.8: RETROFITTING PUBLIC STRUCTURES - WIND,1,,0 - 49%,NO,NO,609EA7A82B72A70850D099E3
4337,4,12,FLORIDA,115,SARASOTA,SARASOTA,34242,DR-4337-0302-R,OTHER (SPECIFY IN COMMENTS),OTHER (SPECIFY IN COMMENTS),NOT APPLICABLE,,2017,2020-03-24T04:00:00.000Z,2021-03-08T05:00:00.000Z,,APPROVED,HMGP,NOT SPECIFIED,403.4: STORMWATER MANAGEMENT - DETENTION/RETENTION BASINS,1,,0 - 49%,NO,NO,609EA7A82B72A70850D09A08
4337,4,12,FLORIDA,105,POLK,FT MEADE,33841,DR-4337-0423-R,WIND RETROFIT,NON-RESIDENTIAL - PRIVATE,OTHER (SPECIFY IN COMMENTS),,2017,2020-10-13T04:00:00.000Z,2020-10-13T04:00:00.000Z,,APPROVED,HMGP,NOT SPECIFIED,205.8: RETROFITTING PUBLIC STRUCTURES - WIND,1,,0 - 49%,NO,NO,609EA7A82B72A70850D09852
4337,4,12,FLORIDA,127,VOLUSIA,DELTONA,32725,DR-4337-0069-R,WIND RETROFIT,NON-RESIDENTIAL - PUBLIC,NOT APPLICABLE,,2017,2019-02-15T05:00:00.000Z,2019-11-05T05:00:00.000Z,,APPROVED,HMGP,NOT SPECIFIED,205.8: RETROFITTING PUBLIC STRUCTURES - WIND,1,,0 - 49%,NO,NO,609EA7A82B72A70850D09A5A
4337,4,12,FLORIDA,127,VOLUSIA,NEW SMYRNA BEACH,32168,DR-4337-0373-R,MITIGATION RECONSTRUCTION,SINGLE FAMILY,,,2017,2021-05-10T04:00:00.000Z,2021-05-10T04:00:00.000Z,,APPROVED,HMGP,NOT SPECIFIED,207.2: MITIGATION RECONSTRUCTION,2,,0 - 49%,NO,NO,609EA7A82B72A70850D0982C
4337,4,12,FLORIDA,9,BREVARD,COCOA,32926,DR-4337-0301-R,ACQUISITION/DEMOLITION,SINGLE FAMILY,OWNER OCCUPIED - PRINCIPAL RESIDENCE,,2017,2020-10-02T04:00:00.000Z,2021-03-08T05:00:00.000Z,,APPROVED,HMGP,NOT SPECIFIED,200.1: ACQUISITION OF PRIVATE REAL PROPERTY (STRUCTURES AND LAND) - RIVERINE,18,,0 - 49%,NO,NO,609EA7A82B72A70850D09895
4337,4,12,FLORIDA,11,BROWARD,POMPANO BEACH,33311,DR-4337-0093-R,WIND RETROFIT,NON-RESIDENTIAL - PUBLIC,OTHER (SPECIFY IN COMMENTS),,2017,2019-10-16T04:00:00.000Z,2021-03-08T05:00:00.000Z,,APPROVED,HMGP,NOT SPECIFIED,"205.8: RETROFITTING PUBLIC STRUCTURES - WIND; 
601.2: GENERATORS - REGULAR",1,,0 - 49%,NO,NO,609EA7A82B72A70850D098DE
4337,4,12,FLORIDA,127,VOLUSIA,EDGEWATER,32132,DR-4337-0078-R,WIND RETROFIT,NON-RESIDENTIAL - PUBLIC,NOT APPLICABLE,,2017,2019-02-21T05:00:00.000Z,2019-02-21T05:00:00.000Z,,APPROVED,HMGP,NOT SPECIFIED,205.8: RETROFITTING PUBLIC STRUCTURES - WIND,1,,0 - 49%,NO,NO,609EA7A82B72A70850D09899
4337,4,12,FLORIDA,11,BROWARD,OAKLAND PARK,33334,DR-4337-0304-R,WIND RETROFIT,NON-RESIDENTIAL - PUBLIC,NOT APPLICABLE,,2017,2019-09-25T04:00:00.000Z,2019-09-25T04:00:00.000Z,,APPROVED,HMGP,NOT SPECIFIED,"205.8: RETROFITTING PUBLIC STRUCTURES - WIND; 
601.2: GENERATORS - REGULAR",1,,0 - 49%,NO,NO,609EA7A82B72A70850D09BF2
4337,4,12,FLORIDA,69,LAKE,EUSTIS,32726,DR-4337-0062-R,WIND RETROFIT,NON-RESIDENTIAL - PUBLIC,NOT APPLICABLE,,2017,2019-02-21T05:00:00.000Z,2019-02-21T05:00:00.000Z,,APPROVED,HMGP,NOT SPECIFIED,205.8: RETROFITTING PUBLIC STRUCTURES - WIND,2,,0 - 49%,NO,NO,609EA7A82B72A70850D09C24
4337,4,12,FLORIDA,86,MIAMI-DADE,MIAMI BEACH,33139,DR-4337-0070-R,WIND RETROFIT,NON-RESIDENTIAL - PUBLIC,NOT APPLICABLE,,2017,2019-10-24T04:00:00.000Z,2021-03-08T05:00:00.000Z,,APPROVED,HMGP,NOT SPECIFIED,205.8: RETROFITTING PUBLIC STRUCTURES - WIND,1,,0 - 49%,NO,NO,609EA7A82B72A70850D09DDB
4337,4,12,FLORIDA,105,POLK,LAKELAND,33803,DR-4337-0327-R,FLOODPROOFED,NON-RESIDENTIAL - PUBLIC,NOT APPLICABLE,,2017,2019-12-13T05:00:00.000Z,2019-12-13T05:00:00.000Z,,APPROVED,HMGP,NOT SPECIFIED,"405.1: OTHER MINOR FLOOD CONTROL; 
601.2: GENERATORS - REGULAR",1,,0 - 49%,NO,NO,609EA7A82B72A70850D09DCD
4337,4,12,FLORIDA,57,HILLSBOROUGH,TAMPA,33467,DR-4337-0402-R,WIND RETROFIT,OTHER (SPECIFY IN COMMENTS),,,2017,2020-03-10T04:00:00.000Z,2020-03-10T04:00:00.000Z,,APPROVED,HMGP,NOT SPECIFIED,205.8: RETROFITTING PUBLIC STRUCTURES - WIND,1,,0 - 49%,NO,NO,609EA7A82B72A70850D0A001
4337,4,12,FLORIDA,11,BROWARD,DANIA BEACH,33004,DR-4337-0203-R,WIND RETROFIT,NON-RESIDENTIAL - PUBLIC,NOT APPLICABLE,,2017,2019-08-08T04:00:00.000Z,2021-03-08T05:00:00.000Z,,APPROVED,HMGP,NOT SPECIFIED,"205.8: RETROFITTING PUBLIC STRUCTURES - WIND; 
601.2: GENERATORS - REGULAR",1,,0 - 49%,NO,NO,609EA7A82B72A70850D0A07A
4337,4,12,FLORIDA,31,DUVAL,JACKSONVILLE,32216,DR-4337-0029-R,ACQUISITION/DEMOLITION,SINGLE FAMILY,OWNER OCCUPIED - PRINCIPAL RESIDENCE,,2017,2019-03-27T04:00:00.000Z,2019-03-27T04:00:00.000Z,,APPROVED,HMGP,NOT SPECIFIED,200.1: ACQUISITION OF PRIVATE REAL PROPERTY (STRUCTURES AND LAND) - RIVERINE,1,,50 - 99%,NO,NO,609EA7A82B72A70850D0A0A0
4337,4,12,FLORIDA,11,BROWARD,DAVIE,33314,DR-4337-0146-R,WIND RETROFIT,NON-RESIDENTIAL - PUBLIC,NOT APPLICABLE,,2017,2019-06-05T04:00:00.000Z,2021-02-03T05:00:00.000Z,,APPROVED,HMGP,NOT SPECIFIED,205.8: RETROFITTING PUBLIC STRUCTURES - WIND,2,,0 - 49%,NO,NO,609EA7A82B72A70850D0A0A4
4337,4,12,FLORIDA,23,COLUMBIA,LAKE CITY,32024,DR-4337-0083-R,ACQUISITION/DEMOLITION,SINGLE FAMILY,OWNER OCCUPIED - PRINCIPAL RESIDENCE,,2017,2019-07-18T04:00:00.000Z,2021-05-13T04:00:00.000Z,,APPROVED,HMGP,NOT SPECIFIED,200.1: ACQUISITION OF PRIVATE REAL PROPERTY (STRUCTURES AND LAND) - RIVERINE,4,,0 - 49%,NO,NO,609EA7A82B72A70850D0A157
4337,4,12,FLORIDA,86,MIAMI-DADE,MIAMI BEACH,33140,DR-4337-0471-R,WIND RETROFIT,NON-RESIDENTIAL - PRIVATE,OTHER (SPECIFY IN COMMENTS),,2017,2020-06-16T04:00:00.000Z,2020-06-16T04:00:00.000Z,,APPROVED,HMGP,NOT SPECIFIED,205.8: RETROFITTING PUBLIC STRUCTURES - WIND,1,,0 - 49%,NO,NO,609EA7A92B72A70850D0A493
4337,4,12,FLORIDA,86,MIAMI-DADE,AVENTURA,33180,DR-4337-0474-R,WIND RETROFIT,NON-RESIDENTIAL - PUBLIC,OTHER (SPECIFY IN COMMENTS),,2017,2020-06-16T04:00:00.000Z,2020-06-16T04:00:00.000Z,,APPROVED,HMGP,NOT SPECIFIED,205.8: RETROFITTING PUBLIC STRUCTURES - WIND,1,,0 - 49%,NO,NO,609EA7A92B72A70850D0A661
4337,4,12,FLORIDA,127,VOLUSIA,NEW SMYRNA BEACH,32169,DR-4337-0373-R,MITIGATION RECONSTRUCTION,SINGLE FAMILY,OTHER (SPECIFY IN COMMENTS),,2017,2021-05-10T04:00:00.000Z,2021-05-10T04:00:00.000Z,,APPROVED,HMGP,NOT SPECIFIED,207.2: MITIGATION RECONSTRUCTION,1,,0 - 49%,NO,NO,609EA7A92B72A70850D0AD7B
4337,4,12,FLORIDA,53,HERNANDO,BROOKSVILLE,34601,DR-4337-0030-R,ACQUISITION/DEMOLITION,SINGLE FAMILY,OWNER OCCUPIED - PRINCIPAL RESIDENCE,,2017,2019-03-20T04:00:00.000Z,2021-05-13T04:00:00.000Z,,APPROVED,HMGP,NOT SPECIFIED,200.1: ACQUISITION OF PRIVATE REAL PROPERTY (STRUCTURES AND LAND) - RIVERINE,1,,50 - 99%,NO,NO,609EA7A92B72A70850D0AD7E
4337,4,12,FLORIDA,31,DUVAL,JACKSONVILLE BEACH,32250,DR-4337-0025-R,ACQUISITION/DEMOLITION,SINGLE FAMILY,OWNER OCCUPIED - PRINCIPAL RESIDENCE,,2017,2018-11-02T04:00:00.000Z,2021-05-13T04:00:00.000Z,,APPROVED,HMGP,NOT SPECIFIED,200.1: ACQUISITION OF PRIVATE REAL PROPERTY (STRUCTURES AND LAND) - RIVERINE,1,,0 - 49%,NO,NO,609EA7A92B72A70850D0B063
4337,4,12,FLORIDA,11,BROWARD,HOLLYWOOD,33021,DR-4337-0053-R,WIND RETROFIT,NON-RESIDENTIAL - PUBLIC,,,2017,2019-05-29T04:00:00.000Z,2021-04-19T04:00:00.000Z,,APPROVED,HMGP,NOT SPECIFIED,205.8: RETROFITTING PUBLIC STRUCTURES - WIND,1,,0 - 49%,NO,NO,609EA7A92B72A70850D0B09E
4337,4,12,FLORIDA,,,OCALA,34471,DR-4337-0360-R,OTHER (SPECIFY IN COMMENTS),OTHER (SPECIFY IN COMMENTS),,,2017,2019-12-13T05:00:00.000Z,2019-12-13T05:00:00.000Z,,APPROVED,HMGP,NOT SPECIFIED,403.4: STORMWATER MANAGEMENT - DETENTION/RETENTION BASINS,1,,0 - 49%,NO,NO,609EA7A92B72A70850D0B524
4337,4,12,FLORIDA,87,MONROE,KEY WEST,33040,DR-4337-0451-R,WIND RETROFIT,NON-RESIDENTIAL - PUBLIC,,,2017,2021-04-21T04:00:00.000Z,2021-04-21T04:00:00.000Z,,APPROVED,HMGP,NOT SPECIFIED,"204.4: DRY FLOODPROOFING PUBLIC STRUCTURES - COASTAL; 
205.8: RETROFITTING PUBLIC STRUCTURES - WIND",1,,0 - 49%,NO,NO,609EA7A92B72A70850D0B865
4337,4,12,FLORIDA,75,LEVY,YANKEETOWN,34498,DR-4337-0183-R,OTHER (SPECIFY IN COMMENTS),VACANT LAND,NOT APPLICABLE,,2017,2019-06-13T04:00:00.000Z,2021-03-08T05:00:00.000Z,,APPROVED,HMGP,NOT SPECIFIED,405.1: OTHER MINOR FLOOD CONTROL,1,,0 - 49%,NO,NO,609EA7A92B72A70850D0B8D7
4337,4,12,FLORIDA,99,PALM BEACH,LAKE PARK,33403,DR-4337-0149-R,OTHER (SPECIFY IN COMMENTS),VACANT LAND,NOT APPLICABLE,,2017,2020-03-11T04:00:00.000Z,2021-04-02T04:00:00.000Z,,APPROVED,HMGP,NOT SPECIFIED,403.4: STORMWATER MANAGEMENT - DETENTION/RETENTION BASINS,1,,0 - 49%,NO,NO,609EA7A92B72A70850D0B8A0
4337,4,12,FLORIDA,86,MIAMI-DADE,MIAMI,33196,DR-4337-0467-R,OTHER (SPECIFY IN COMMENTS),NON-RESIDENTIAL - PUBLIC,OTHER (SPECIFY IN COMMENTS),,2017,2020-07-06T04:00:00.000Z,2021-03-12T05:00:00.000Z,,APPROVED,HMGP,NOT SPECIFIED,205.8: RETROFITTING PUBLIC STRUCTURES - WIND,1,,0 - 49%,NO,NO,609EA7A92B72A70850D0B946
4337,4,12,FLORIDA,105,POLK,MULBERRY,33860,DR-4337-0423-R,WIND RETROFIT,NON-RESIDENTIAL - PRIVATE,OTHER (SPECIFY IN COMMENTS),,2017,2020-10-13T04:00:00.000Z,2020-10-13T04:00:00.000Z,,APPROVED,HMGP,NOT SPECIFIED,205.8: RETROFITTING PUBLIC STRUCTURES - WIND,2,,0 - 49%,NO,NO,609EA7A92B72A70850D0BCBE
4337,4,12,FLORIDA,127,VOLUSIA,NEW SMYRNA BEACH,32169,DR-4337-0373-R,ELEVATION,SINGLE FAMILY,,,2017,2021-05-10T04:00:00.000Z,2021-05-10T04:00:00.000Z,,APPROVED,HMGP,NOT SPECIFIED,207.2: MITIGATION RECONSTRUCTION,2,,0 - 49%,NO,NO,609EA7A92B72A70850D0BCCB
4337,4,12,FLORIDA,105,POLK,POLK CITY,33868,DR-4337-0423-R,WIND RETROFIT,NON-RESIDENTIAL - PRIVATE,OTHER (SPECIFY IN COMMENTS),,2017,2020-10-13T04:00:00.000Z,2020-10-13T04:00:00.000Z,,APPROVED,HMGP,NOT SPECIFIED,205.8: RETROFITTING PUBLIC STRUCTURES - WIND,1,,0 - 49%,NO,NO,609EA7A92B72A70850D0BCB8
4337,4,12,FLORIDA,105,POLK,BARTOW,33880,DR-4337-0423-R,WIND RETROFIT,NON-RESIDENTIAL - PRIVATE,OTHER (SPECIFY IN COMMENTS),,2017,2020-10-13T04:00:00.000Z,2020-10-13T04:00:00.000Z,,APPROVED,HMGP,NOT SPECIFIED,205.8: RETROFITTING PUBLIC STRUCTURES - WIND,1,,0 - 49%,NO,NO,609EA7A92B72A70850D0BCA2
4337,4,12,FLORIDA,35,FLAGLER,PALM COAST,32137,DR-4337-0047-R,WIND RETROFIT,NON-RESIDENTIAL - PUBLIC,,,2017,2019-01-14T05:00:00.000Z,2020-03-27T04:00:00.000Z,,APPROVED,HMGP,NOT SPECIFIED,"205.8: RETROFITTING PUBLIC STRUCTURES - WIND; 
601.2: GENERATORS - REGULAR",1,,0 - 49%,NO,NO,609EA7A92B72A70850D0BFC3
4337,4,12,FLORIDA,31,DUVAL,JACKSONVILLE,32211,DR-4337-0036-R,ACQUISITION/DEMOLITION,SINGLE FAMILY,OWNER OCCUPIED - PRINCIPAL RESIDENCE,,2017,2019-03-27T04:00:00.000Z,2021-05-13T04:00:00.000Z,,APPROVED,HMGP,NOT SPECIFIED,200.1: ACQUISITION OF PRIVATE REAL PROPERTY (STRUCTURES AND LAND) - RIVERINE,1,,0 - 49%,NO,NO,609EA7A92B72A70850D0BEDC
4337,4,12,FLORIDA,49,HARDEE,WAUCHULA,33873,DR-4337-0371-R,WIND RETROFIT,NON-RESIDENTIAL - PUBLIC,NOT APPLICABLE,,2017,2020-01-27T05:00:00.000Z,2021-04-02T04:00:00.000Z,,APPROVED,HMGP,NOT SPECIFIED,"205.8: RETROFITTING PUBLIC STRUCTURES - WIND; 
601.2: GENERATORS - REGULAR",1,,0 - 49%,NO,NO,609EA7A92B72A70850D0BFB8
4337,4,12,FLORIDA,57,HILLSBOROUGH,TAMPA,33612,DR-4337-0131-R,WIND RETROFIT,NON-RESIDENTIAL - PUBLIC,NOT APPLICABLE,,2017,2019-05-06T04:00:00.000Z,2019-05-06T04:00:00.000Z,,APPROVED,HMGP,NOT SPECIFIED,205.8: RETROFITTING PUBLIC STRUCTURES - WIND,1,,0 - 49%,NO,NO,609EA7A92B72A70850D0BF9A
4337,4,12,FLORIDA,19,CLAY,ORANGE PARK,32073,DR-4337-0237-R,OTHER (SPECIFY IN COMMENTS),VACANT LAND,NOT APPLICABLE,,2017,2019-08-01T04:00:00.000Z,2021-03-08T05:00:00.000Z,,APPROVED,HMGP,NOT SPECIFIED,403.4: STORMWATER MANAGEMENT - DETENTION/RETENTION BASINS,1,,0 - 49%,NO,NO,609EA7A92B72A70850D0BF02
4337,4,12,FLORIDA,,,ORLANDO,32819,DR-4337-0351-R,WIND RETROFIT,OTHER (SPECIFY IN COMMENTS),,,2017,2019-12-05T05:00:00.000Z,2020-01-06T05:00:00.000Z,,APPROVED,HMGP,NOT SPECIFIED,205.8: RETROFITTING PUBLIC STRUCTURES - WIND,1,,0 - 49%,NO,NO,609EA7A92B72A70850D0BF44
4337,4,12,FLORIDA,99,PALM BEACH,WEST PALM BEACH,33401,DR-4337-0293-R,WIND RETROFIT,NON-RESIDENTIAL - PUBLIC,NOT APPLICABLE,,2017,2019-09-16T04:00:00.000Z,2021-05-13T04:00:00.000Z,,APPROVED,HMGP,NOT SPECIFIED,205.8: RETROFITTING PUBLIC STRUCTURES - WIND,1,,0 - 49%,NO,NO,609EA7A92B72A70850D0C2A7
4337,4,12,FLORIDA,9,BREVARD,PALM BAY,32907,DR-4337-0141-R,WIND RETROFIT,NON-RESIDENTIAL - PUBLIC,OTHER (SPECIFY IN COMMENTS),,2017,2019-05-06T04:00:00.000Z,2021-01-04T05:00:00.000Z,,APPROVED,HMGP,NOT SPECIFIED,205.8: RETROFITTING PUBLIC STRUCTURES - WIND,1,,0 - 49%,NO,NO,609EA7A92B72A70850D0C29C
4337,4,12,FLORIDA,27,DESOTO,ARCADIA,34266,DR-4337-0048-R,WIND RETROFIT,NON-RESIDENTIAL - PUBLIC,NOT APPLICABLE,,2017,2019-05-06T04:00:00.000Z,2021-04-02T04:00:00.000Z,,APPROVED,HMGP,NOT SPECIFIED,205.8: RETROFITTING PUBLIC STRUCTURES - WIND,2,,0 - 49%,NO,NO,609EA7A92B72A70850D0C2F9
4337,4,12,FLORIDA,127,VOLUSIA,DELTONA,32738,DR-4337-0069-R,WIND RETROFIT,NON-RESIDENTIAL - PUBLIC,NOT APPLICABLE,,2017,2019-02-15T05:00:00.000Z,2019-11-05T05:00:00.000Z,,APPROVED,HMGP,NOT SPECIFIED,205.8: RETROFITTING PUBLIC STRUCTURES - WIND,2,,0 - 49%,NO,NO,609EA7AA2B72A70850D0C6D5
4337,4,12,FLORIDA,11,BROWARD,MIRAMAR,33029,DR-4337-0165-R,WIND RETROFIT,NON-RESIDENTIAL - PUBLIC,OTHER (SPECIFY IN COMMENTS),,2017,2019-07-24T04:00:00.000Z,2019-07-24T04:00:00.000Z,,APPROVED,HMGP,NOT SPECIFIED,"205.8: RETROFITTING PUBLIC STRUCTURES - WIND; 
602.1: OTHER EQUIPMENT PURCHASE AND INSTALLATION",1,,0 - 49%,NO,NO,609EA7AA2B72A70850D0C527
4337,4,12,FLORIDA,53,HERNANDO,HERNANDO BEACH,34607,DR-4337-0074-R,NO ACTION,SINGLE FAMILY,OWNER OCCUPIED - PRINCIPAL RESIDENCE,,2017,2020-02-03T05:00:00.000Z,2021-03-08T05:00:00.000Z,,APPROVED,HMGP,NOT SPECIFIED,"202.2: ELEVATION OF PRIVATE STRUCTURES - COASTAL; 
205.7: RETROFITTING PRIVATE STRUCTURES - WIND",1,,0 - 49%,NO,NO,609EA7AA2B72A70850D0C4FB
4337,4,12,FLORIDA,105,POLK,LAKELAND,33810,DR-4337-0423-R,WIND RETROFIT,NON-RESIDENTIAL - PRIVATE,OTHER (SPECIFY IN COMMENTS),,2017,2020-10-13T04:00:00.000Z,2020-10-13T04:00:00.000Z,,APPROVED,HMGP,NOT SPECIFIED,205.8: RETROFITTING PUBLIC STRUCTURES - WIND,1,,0 - 49%,NO,NO,609EA7AA2B72A70850D0C5BB
4337,4,12,FLORIDA,71,LEE,SANIBEL,33957,DR-4337-0105-R,OTHER (SPECIFY IN COMMENTS),NON-RESIDENTIAL - PUBLIC,,,2017,2019-04-10T04:00:00.000Z,2021-04-14T04:00:00.000Z,,APPROVED,HMGP,NOT SPECIFIED,405.1: OTHER MINOR FLOOD CONTROL,1,,0 - 49%,NO,NO,609EA7AA2B72A70850D0CB4A
4337,4,12,FLORIDA,109,ST. JOHNS,AUGUSTINE,32084,DR-4337-0382-R,OTHER (SPECIFY IN COMMENTS),NON-RESIDENTIAL - PUBLIC,OTHER (SPECIFY IN COMMENTS),,2017,2020-02-24T05:00:00.000Z,2021-03-12T05:00:00.000Z,,APPROVED,HMGP,NOT SPECIFIED,"403.3: STORMWATER MANAGEMENT - FLAPGATES/FLOODGATES; 
500.1: FLOOD CONTROL - FLOODWALL",1,,0 - 49%,NO,NO,609EA7AA2B72A70850D0CB9F
4337,4,12,FLORIDA,1,ALACHUA,GAINESVILLE,32607,DR-4337-0375-R,ACQUISITION/DEMOLITION,SINGLE FAMILY,OWNER OCCUPIED - PRINCIPAL RESIDENCE,,2017,2020-07-06T04:00:00.000Z,2020-07-06T04:00:00.000Z,,APPROVED,HMGP,NOT SPECIFIED,200.1: ACQUISITION OF PRIVATE REAL PROPERTY (STRUCTURES AND LAND) - RIVERINE,1,,0 - 49%,NO,NO,609EA7AA2B72A70850D0CC78
4337,4,12,FLORIDA,117,SEMINOLE,LAKE MARY,32746,DR-4337-0045-R,NO ACTION,NON-RESIDENTIAL - PUBLIC,NOT APPLICABLE,,2017,2019-02-05T05:00:00.000Z,2019-02-05T05:00:00.000Z,,APPROVED,HMGP,NOT SPECIFIED,205.8: RETROFITTING PUBLIC STRUCTURES - WIND,1,,0 - 49%,NO,NO,609EA7AA2B72A70850D0CF8D
4337,4,12,FLORIDA,21,COLLIER,LAKE CITY,32025,DR-4337-0083-R,ACQUISITION/DEMOLITION,SINGLE FAMILY,OWNER OCCUPIED - PRINCIPAL RESIDENCE,,2017,2019-07-18T04:00:00.000Z,2021-05-13T04:00:00.000Z,,APPROVED,HMGP,NOT SPECIFIED,200.1: ACQUISITION OF PRIVATE REAL PROPERTY (STRUCTURES AND LAND) - RIVERINE,1,,0 - 49%,NO,NO,609EA7AA2B72A70850D0D4B1
4337,4,12,FLORIDA,11,BROWARD,DAVIE,33330,DR-4337-0146-R,WIND RETROFIT,NON-RESIDENTIAL - PUBLIC,NOT APPLICABLE,,2017,2019-06-05T04:00:00.000Z,2021-02-03T05:00:00.000Z,,APPROVED,HMGP,NOT SPECIFIED,205.8: RETROFITTING PUBLIC STRUCTURES - WIND,2,,0 - 49%,NO,NO,609EA7AA2B72A70850D0D612
4337,4,12,FLORIDA,11,BROWARD,MIRAMAR,33027,DR-4337-0166-R,WIND RETROFIT,NON-RESIDENTIAL - PUBLIC,,,2017,2019-07-24T04:00:00.000Z,2019-07-24T04:00:00.000Z,,APPROVED,HMGP,NOT SPECIFIED,"205.8: RETROFITTING PUBLIC STRUCTURES - WIND; 
601.2: GENERATORS - REGULAR",1,,0 - 49%,NO,NO,609EA7AA2B72A70850D0D649
4337,4,12,FLORIDA,19,CLAY,MIDDLEBURG,32068,DR-4337-0123-R,OTHER (SPECIFY IN COMMENTS),VACANT LAND,,,2017,2019-04-17T04:00:00.000Z,2019-04-18T04:00:00.000Z,,APPROVED,HMGP,NOT SPECIFIED,403.4: STORMWATER MANAGEMENT - DETENTION/RETENTION BASINS,1,,0 - 49%,NO,NO,609EA7AA2B72A70850D0D61B
4337,4,12,FLORIDA,95,ORANGE,ORLANDO ,32803,DR-4337-0324-R,OTHER (SPECIFY IN COMMENTS),VACANT LAND,NOT APPLICABLE,,2017,2019-10-08T04:00:00.000Z,2019-10-08T04:00:00.000Z,,APPROVED,HMGP,NOT SPECIFIED,405.1: OTHER MINOR FLOOD CONTROL,1,,0 - 49%,NO,NO,609EA7AA2B72A70850D0D685
4337,4,12,FLORIDA,83,MARION,OCALA,34470,DR-4337-0376-R,OTHER (SPECIFY IN COMMENTS),OTHER (SPECIFY IN COMMENTS),,,2017,2020-10-13T04:00:00.000Z,2021-03-12T05:00:00.000Z,,APPROVED,HMGP,NOT SPECIFIED,403.4: STORMWATER MANAGEMENT - DETENTION/RETENTION BASINS,1,,0 - 49%,NO,NO,609EA7AA2B72A70850D0D898
4337,4,12,FLORIDA,11,BROWARD,PEMBROKE PARK,33009,DR-4337-0393-R,OTHER (SPECIFY IN COMMENTS),NON-RESIDENTIAL - PRIVATE,OTHER (SPECIFY IN COMMENTS),,2017,2020-02-24T05:00:00.000Z,2021-03-23T04:00:00.000Z,,APPROVED,HMGP,NOT SPECIFIED,405.1: OTHER MINOR FLOOD CONTROL,1,,0 - 49%,NO,NO,609EA7AA2B72A70850D0D88F
4337,4,12,FLORIDA,105,POLK,HAINES CITY,33844,DR-4337-0423-R,WIND RETROFIT,NON-RESIDENTIAL - PRIVATE,OTHER (SPECIFY IN COMMENTS),,2017,2020-10-13T04:00:00.000Z,2020-10-13T04:00:00.000Z,,APPROVED,HMGP,NOT SPECIFIED,205.8: RETROFITTING PUBLIC STRUCTURES - WIND,2,,0 - 49%,NO,NO,609EA7AA2B72A70850D0D8FD
4337,4,12,FLORIDA,,,BRADENTON BEACH,34217,DR-4337-0357-R,WIND RETROFIT,OTHER (SPECIFY IN COMMENTS),,,2017,2020-07-22T04:00:00.000Z,2021-03-12T05:00:00.000Z,,APPROVED,HMGP,NOT SPECIFIED,"204.4: DRY FLOODPROOFING PUBLIC STRUCTURES - COASTAL; 
205.8: RETROFITTING PUBLIC STRUCTURES - WIND",1,,0 - 49%,NO,NO,609EA7AA2B72A70850D0D8F8
4337,4,12,FLORIDA,105,POLK,LAKELAND,33811,DR-4337-0423-R,WIND RETROFIT,NON-RESIDENTIAL - PRIVATE,OTHER (SPECIFY IN COMMENTS),,2017,2020-10-13T04:00:00.000Z,2020-10-13T04:00:00.000Z,,APPROVED,HMGP,NOT SPECIFIED,205.8: RETROFITTING PUBLIC STRUCTURES - WIND,1,,0 - 49%,NO,NO,609EA7AA2B72A70850D0D953
4337,4,12,FLORIDA,105,POLK,LAKELAND,33809,DR-4337-0423-R,WIND RETROFIT,NON-RESIDENTIAL - PRIVATE,OTHER (SPECIFY IN COMMENTS),,2017,2020-10-13T04:00:00.000Z,2020-10-13T04:00:00.000Z,,APPROVED,HMGP,NOT SPECIFIED,205.8: RETROFITTING PUBLIC STRUCTURES - WIND,2,,0 - 49%,NO,NO,609EA7AA2B72A70850D0D9B0
4337,4,12,FLORIDA,41,GILCHRIST,TRENTON,32693,DR-4337-0427-R,WIND RETROFIT,NON-RESIDENTIAL - PUBLIC,OTHER (SPECIFY IN COMMENTS),,2017,2020-06-04T04:00:00.000Z,2021-03-12T05:00:00.000Z,,APPROVED,HMGP,NOT SPECIFIED,"205.8: RETROFITTING PUBLIC STRUCTURES - WIND; 
601.2: GENERATORS - REGULAR",1,,0 - 49%,NO,NO,609EA7AA2B72A70850D0DAA6
4337,4,12,FLORIDA,86,MIAMI-DADE,MIAMI,33150,DR-4337-0391-R,WIND RETROFIT,NON-RESIDENTIAL - PRIVATE,OTHER (SPECIFY IN COMMENTS),,2017,2020-06-25T04:00:00.000Z,2021-03-23T04:00:00.000Z,,APPROVED,HMGP,NOT SPECIFIED,"205.8: RETROFITTING PUBLIC STRUCTURES - WIND; 
601.2: GENERATORS - REGULAR",1,,0 - 49%,NO,NO,609EA7AA2B72A70850D0DDE1
4337,4,12,FLORIDA,,PINELLAS,PINELLAS PARK,33781,DR-4337-0337-R,WIND RETROFIT,NON-RESIDENTIAL - PUBLIC,,,2017,2020-03-10T04:00:00.000Z,2020-03-10T04:00:00.000Z,,APPROVED,HMGP,NOT SPECIFIED,"205.8: RETROFITTING PUBLIC STRUCTURES - WIND; 
601.2: GENERATORS - REGULAR",1,,0 - 49%,NO,NO,609EA7AA2B72A70850D0DE0B
4337,4,12,FLORIDA,69,LAKE,ASTOR,32102,DR-4337-0062-R,WIND RETROFIT,NON-RESIDENTIAL - PUBLIC,NOT APPLICABLE,,2017,2019-02-21T05:00:00.000Z,2019-02-21T05:00:00.000Z,,APPROVED,HMGP,NOT SPECIFIED,205.8: RETROFITTING PUBLIC STRUCTURES - WIND,1,,0 - 49%,NO,NO,609EA7AB2B72A70850D0DF11
4337,4,12,FLORIDA,105,POLK,INDIAN LAKE ESTATES,33855,DR-4337-0423-R,WIND RETROFIT,NON-RESIDENTIAL - PRIVATE,OTHER (SPECIFY IN COMMENTS),,2017,2020-10-13T04:00:00.000Z,2020-10-13T04:00:00.000Z,,APPROVED,HMGP,NOT SPECIFIED,205.8: RETROFITTING PUBLIC STRUCTURES - WIND,1,,0 - 49%,NO,NO,609EA7AB2B72A70850D0E220
4337,4,12,FLORIDA,71,LEE,FORT MYERS,33912,DR-4337-0242-R,OTHER (SPECIFY IN COMMENTS),OTHER (SPECIFY IN COMMENTS),,,2017,2019-08-15T04:00:00.000Z,2019-08-15T04:00:00.000Z,,APPROVED,HMGP,NOT SPECIFIED,"500.2: FLOOD CONTROL - BERM, LEVEE, OR DIKE",1,,0 - 49%,NO,NO,609EA7AB2B72A70850D0E21A
4337,4,12,FLORIDA,105,POLK,LAKELAND,33815,DR-4337-0423-R,WIND RETROFIT,NON-RESIDENTIAL - PRIVATE,OWNER OCCUPIED - PRINCIPAL RESIDENCE,,2017,2020-10-13T04:00:00.000Z,2020-10-13T04:00:00.000Z,,APPROVED,HMGP,NOT SPECIFIED,205.8: RETROFITTING PUBLIC STRUCTURES - WIND,1,,0 - 49%,NO,NO,609EA7AB2B72A70850D0E24B
4337,4,12,FLORIDA,86,MIAMI-DADE,MIAMI,33156,DR-4337-0467-R,WIND RETROFIT,NON-RESIDENTIAL - PUBLIC,OTHER (SPECIFY IN COMMENTS),,2017,2020-07-06T04:00:00.000Z,2021-03-12T05:00:00.000Z,,APPROVED,HMGP,NOT SPECIFIED,205.8: RETROFITTING PUBLIC STRUCTURES - WIND,1,,0 - 49%,NO,NO,609EA7AB2B72A70850D0E265
4337,4,12,FLORIDA,69,LAKE,MINNEOLA,34715,DR-4337-0062-R,WIND RETROFIT,NON-RESIDENTIAL - PUBLIC,NOT APPLICABLE,,2017,2019-02-21T05:00:00.000Z,2019-02-21T05:00:00.000Z,,APPROVED,HMGP,NOT SPECIFIED,205.8: RETROFITTING PUBLIC STRUCTURES - WIND,1,,0 - 49%,NO,NO,609EA7AB2B72A70850D0E2DF
4337,4,12,FLORIDA,87,MONROE,KEY WEST,33040,DR-4337-0441-R,WIND RETROFIT,NON-RESIDENTIAL - PUBLIC,OTHER (SPECIFY IN COMMENTS),,2017,2020-03-25T04:00:00.000Z,2021-05-13T04:00:00.000Z,,APPROVED,HMGP,NOT SPECIFIED,205.8: RETROFITTING PUBLIC STRUCTURES - WIND,1,,0 - 49%,NO,NO,609EA7AB2B72A70850D0E3BB
4337,4,12,FLORIDA,87,MONROE,MARATHON,33050,DR-4337-0451-R,WIND RETROFIT,NON-RESIDENTIAL - PUBLIC,,,2017,2021-04-21T04:00:00.000Z,2021-04-21T04:00:00.000Z,,APPROVED,HMGP,NOT SPECIFIED,"204.4: DRY FLOODPROOFING PUBLIC STRUCTURES - COASTAL; 
205.8: RETROFITTING PUBLIC STRUCTURES - WIND",1,,0 - 49%,NO,NO,609EA7AB2B72A70850D0E6D7
4337,4,12,FLORIDA,86,MIAMI-DADE,FLORIDA CITY,33034,DR-4337-0255-R,OTHER (SPECIFY IN COMMENTS),OTHER (SPECIFY IN COMMENTS),NOT APPLICABLE,,2017,2019-09-04T04:00:00.000Z,2021-04-05T04:00:00.000Z,,APPROVED,HMGP,NOT SPECIFIED,405.1: OTHER MINOR FLOOD CONTROL,1,,0 - 49%,NO,NO,609EA7AB2B72A70850D0E962
4337,4,12,FLORIDA,69,LAKE,GROVELAND,34736,DR-4337-0062-R,WIND RETROFIT,NON-RESIDENTIAL - PUBLIC,NOT APPLICABLE,,2017,2019-02-21T05:00:00.000Z,2019-02-21T05:00:00.000Z,,APPROVED,HMGP,NOT SPECIFIED,205.8: RETROFITTING PUBLIC STRUCTURES - WIND,1,,0 - 49%,NO,NO,609EA7AB2B72A70850D0EF9F
4337,4,12,FLORIDA,21,COLLIER,MARCO ISLAND,34145,DR-4337-0266-R,WIND RETROFIT,NON-RESIDENTIAL - PUBLIC,OTHER (SPECIFY IN COMMENTS),,2017,2019-08-22T04:00:00.000Z,2021-04-19T04:00:00.000Z,,APPROVED,HMGP,NOT SPECIFIED,205.8: RETROFITTING PUBLIC STRUCTURES - WIND,1,,0 - 49%,NO,NO,609EA7AB2B72A70850D0F04F
4337,4,12,FLORIDA,86,MIAMI-DADE,MIAMI,33199,DR-4337-0257-R,WIND RETROFIT,NON-RESIDENTIAL - PUBLIC,NOT APPLICABLE,,2017,2020-01-13T05:00:00.000Z,2020-01-13T05:00:00.000Z,,APPROVED,HMGP,NOT SPECIFIED,205.8: RETROFITTING PUBLIC STRUCTURES - WIND,1,,0 - 49%,NO,NO,609EA7AB2B72A70850D0F2F4
