id,parcel_id,address,occupancy_class,square_footage,stories,year_built,exterior_walls,roof_cover,interior_walls,frame_type,floor_cover,permit_number,permit_issue_date,permit_type,permit_description,permit_amount,latitude,longitude,roof_shape,lulc,V_ult,county,flood_zone,garage_tag,roof_slope,avg_jan_temp,city
1,04973-022-010,413 5TH ST MEXICO BEACH 32410,SINGLE FAM (000100),1794,1,2015,VINYL,ENG SHINGL,DRYWALL,N/A,SHT VINYL; CARPET,"['19MB-DEM0033', '19MB-RR0105', '15-2748']","['20190207', '20190206', '20150203']","['DEM', 'RERF', 'NC']","['DEMOLITION', 'RE-ROOF', 'MODULAR HOME']","['0', '0', '96,100']",29.938095,-85.393667,GAB,0.03,133,BAY,V,-1,0.166666667,ABOVE,MEXICO BEACH
2,04188-030-000,410 5TH ST MEXICO BEACH 32410,SINGLE FAM (000100),2536,1,2001,VINYL,ENG SHINGL,DRYWALL,N/A,CLAY TILE,['19MB-RR0328'],['20190711'],['RERF'],['RE-ROOF'],['0'],29.937526,-85.393416,GAB,0.03,166.5382839,BAY,V,-1,0.166666667,ABOVE,MEXICO BEACH
3,04420-018-000,108 12TH ST MEXICO BEACH 32410,SINGLE FAM (000100),3840,1,2005,VINYL,ENG SHINGL,DRYWALL,N/A,CLAY TILE; CARPET,,,,,,29.940059,-85.403947,GAB,0.03,166.5382839,BAY,V,-1,0.166666667,ABOVE,MEXICO BEACH
4,04449-000-000,111 21ST ST MEXICO BEACH 32410,SINGLE FAM (000100),3068,1,2015,ABOVE AVG.; COMMON BRK,ENG SHINGL,DRYWALL,N/A,CLAY TILE,"['21MB-RR0020', '19MB-RR0094', '15-2881', '15-2797']","['20210507', '20190131', '20150705', '20150407']","['RERF', 'RERF', 'ROOF', 'ROOF']","['RE-ROOF', 'RE-ROOF', 'ROOF', 'ROOF']","['0', '0', '0']",29.944968,-85.411676,GAB,0.03,133,BAY,V,-1,0.166666667,ABOVE,MEXICO BEACH
5,04973-150-000,404 7TH ST MEXICO BEACH 32410,SINGLE FAM (000100),2771,1,2002,VINYL; COMMON BRK,ENG SHINGL,DRYWALL,N/A,CLAY TILE; CARPET,"['18MB-RR0155', 'RF1072']","['20181206', '20020806']","['RERF', 'ROOF']","['RE-ROOF', 'ROOF']","['0', '0']",29.938959,-85.396598,GAB,0.03,166.5382839,BAY,V,-1,0.166666667,ABOVE,MEXICO BEACH
6,04973-165-000,406 7TH ST MEXICO BEACH 32410,SINGLE FAM (000100),1595,1,1978,COMMON BRK,ENG SHINGL,DRYWALL,N/A,SHT VINYL; CARPET,"['18MB-RR0169', 'ROOF', '91-4743']","['20181210', '20101220', '19910712']","['RERF', 'ROOF', 'ROOF']","['REROOF', 'ROOF', 'ROOF']","['0', '0', '0']",29.939181,-85.396362,GAB,0.03,166.5382839,BAY,V,-1,0.166666667,ABOVE,MEXICO BEACH
7,04973-322-000,409 7TH ST MEXICO BEACH 32410,SINGLE FAM (000100),3217,1,2008,BD/BAT AVG,ENG SHINGL,DRYWALL,N/A,CLAY TILE; CARPET,['19MB-RR0055'],['20190115'],['RERF'],['ROOF'],['0'],29.939727,-85.396565,GAB,0.03,166.5382839,BAY,V,-1,0.166666667,ABOVE,MEXICO BEACH
8,04973-320-000,406 ARIZONA DR MEXICO BEACH 32410,SINGLE FAM (000100),2206,1,2004,VINYL,ENG SHINGL,DRYWALL,N/A,CLAY TILE; CARPET,['19MB-RR0011'],['20190103'],['RERF'],['RE-ROOF'],['0'],29.939732,-85.397031,GAB,0.03,166.5382839,BAY,V,-1,0.166666667,ABOVE,MEXICO BEACH
9,04973-340-000,412 ARIZONA DR MEXICO BEACH 32410,SINGLE FAM (000100),2598,1,2006,VINYL,ENG SHINGL,DRYWALL,N/A,CLAY TILE; CARPET,,,,,,29.940331,-85.39638,GAB,0.03,166.5382839,BAY,V,-1,0.166666667,ABOVE,MEXICO BEACH
10,04973-345-000,414 ARIZONA DR MEXICO BEACH 32410,SINGLE FAM (000100),1992,1,1993,WD FR STUC,ENG SHINGL,DRYWALL,N/A,SHT VINYL; CARPET,"['19MB-RR0029', '16-3165']","['20190108', '20160601']","['RERF', 'RERF']","['RE-ROOF', 'RERF']","['0', '0']",29.940531,-85.396163,GAB,0.03,166.5382839,BAY,V,-1,0.166666667,ABOVE,MEXICO BEACH
11,04973-342-000,415 7TH ST MEXICO BEACH 32410,SINGLE FAM (000100),1920,1,1995,VINYL,ENG SHINGL,DRYWALL,N/A,CLAY TILE; CARPET,['19MB-RR0015'],['20190103'],['RERF'],['RE-ROOF'],['0'],29.940326,-85.395914,GAB,0.03,166.5382839,BAY,V,-1,0.166666667,ABOVE,MEXICO BEACH
12,04973-270-000,426 7TH ST MEXICO BEACH 32410,SINGLE FAM (000100),2612,1,2000,ABOVE AVG.,ENG SHINGL,DRYWALL,N/A,CLAY TILE; VINYL PLNK,['19MB-RR0269'],['20190424'],['RERF'],['RE-ROOF'],['0'],29.941348,-85.393738,GAB,0.03,166.5382839,BAY,V,-1,0.166666667,ABOVE,MEXICO BEACH
13,04973-391-000,424 ARIZONA DR MEXICO BEACH 32410,SINGLE FAM (000100),1902,1,2008,VINYL; COMMON BRK,ENG SHINGL,DRYWALL,N/A,CLAY TILE; VINYL PLNK,,,,,,29.94153,-85.395078,GAB,0.03,166.5382839,BAY,V,-1,0.166666667,ABOVE,MEXICO BEACH
14,04668-010-000,106 36TH ST N MEXICO BEACH 32410,SINGLE FAM (000100),2334,1,1985,CEDAR,ENG SHINGL,DRYWALL,N/A,SHT VINYL; CARPET,['18-0078'],['20181116'],['RERF'],['RERF'],['0'],29.951283,-85.421408,GAB,0.03,166.5382839,BAY,V,-1,0.166666667,ABOVE,MEXICO BEACH
15,04726-000-000,125 MIRAMAR DR MEXICO BEACH 32410,SINGLE FAM (000100),0,1,1967,,ENG SHINGL,,N/A,,,,,,,29.95228,-85.42957,GAB,0.03,166.5382839,BAY,V,-1,0.166666667,ABOVE,MEXICO BEACH
16,04704-000-000,103 CIRCLE DR MEXICO BEACH 32410,SINGLE FAM (000100),0,1,1965,,ENG SHINGL,,N/A,,,,,,,29.952169,-85.42756,GAB,0.03,166.5382839,BAY,V,-1,0.166666667,ABOVE,MEXICO BEACH
17,04706-000-000,107 CIRCLE DR MEXICO BEACH 32410,SINGLE FAM (000100),0,1,1964,,ENG SHINGL,,N/A,,['29111170'],['20110329'],['ROOF'],['ROOF'],['0'],29.951821,-85.427813,GAB,0.03,166.5382839,BAY,V,-1,0.166666667,ABOVE,MEXICO BEACH
18,04734-000-000,125 CIRCLE DR MEXICO BEACH 32410,SINGLE FAM (000100),0,1,1969,,ENG SHINGL,,N/A,,"['21MB-RB0043', '9514108']","['20210528', '19951208']","['NC', 'ROOF']","['SINGLE FAMILY', 'ROOF']","['416,023', '0']",29.951763,-85.428921,GAB,0.03,166.5382839,BAY,V,-1,0.166666667,ABOVE,MEXICO BEACH
19,04736-000-000,129 CIRCLE DR MEXICO BEACH 32410,SINGLE FAM (000100),0,1,1965,,ENG SHINGL,,N/A,,['18MB-RR0063'],['20181002'],['RERF'],['RERF'],['0'],29.95217,-85.42877,GAB,0.03,166.5382839,BAY,V,-1,0.166666667,ABOVE,MEXICO BEACH
20,04719-000-000,130 CIRCLE DR MEXICO BEACH 32410,SINGLE FAM (000100),0,1,1963,,ENG SHINGL,,N/A,,"['18-3735', '9512475']","['20180103', '19951111']","['RERF', 'ROOF']","['RERF', 'ROOF']","['0', '0']",29.952063,-85.428321,GAB,0.03,166.5382839,BAY,V,-1,0.166666667,ABOVE,MEXICO BEACH
21,04317-000-000,608 HWY 98 MEXICO BEACH 32410,SINGLE FAM (000100),0,1,0,,ENG SHINGL,,N/A,,"['19MB-DEM0147', '72390892']","['20190328', '20090723']","['DEM', 'ROOF']","['DEMOLITION', 'ROOF']","['0', '0']",29.935282,-85.399706,GAB,0.03,166.5382839,BAY,V,-1,0.166666667,ABOVE,MEXICO BEACH
22,04700-000-000,112 41ST ST MEXICO BEACH 32410,SINGLE FAM (000100),0,1,0,,ENG SHINGL,,N/A,,['20MB-DEM0004'],['20200113'],['DEM'],['DEMOLITION'],['0'],29.951559,-85.426808,GAB,0.03,166.5382839,BAY,V,-1,0.166666667,ABOVE,MEXICO BEACH
23,04743-000-000,124 MIRAMAR DR MEXICO BEACH 32410,SINGLE FAM (000100),0,1,0,,ENG SHINGL,,N/A,,"['20MB-RB0328', '17-3722']","['20210603', '20171129']","['NC', 'RERF']","['SINGLE FAMILY', 'RERF']","['587,479', '0']",29.951487,-85.429937,GAB,0.03,166.5382839,BAY,V,-1,0.166666667,ABOVE,MEXICO BEACH
24,04790-000-000,110 36TH ST N MEXICO BEACH 32410,SINGLE FAM (000100),0,1,0,,ENG SHINGL,,N/A,,"['31480615', '095-0086']","['20080314', '20051109']","['ROOF', 'RERF']","['ROOF', 'RE-ROOF']","['1,496', '960']",29.951516,-85.42137,GAB,0.03,166.5382839,BAY,V,-1,0.166666667,ABOVE,MEXICO BEACH
25,04702-020-000,104 41ST ST MEXICO BEACH 32410,SINGLE FAM (000100),0,1,0,,ENG SHINGL,,N/A,,"['19MB-DEM0153', '72390893', '9311706']","['20190329', '20090723', '19931201']","['DEM', 'ROOF', 'ROOF']","['DEMOLITION', 'ROOF', 'ROOF']","['0', '0', '0']",29.952254,-85.426268,GAB,0.03,166.5382839,BAY,V,-1,0.166666667,ABOVE,MEXICO BEACH
26,04701-000-000,110 41ST ST MEXICO BEACH 32410,SINGLE FAM (000100),0,1,0,,ENG SHINGL,,N/A,,['9512372'],['19951108'],['ROOF'],['ROOF'],['0'],29.951733,-85.426681,GAB,0.03,166.5382839,BAY,V,-1,0.166666667,ABOVE,MEXICO BEACH
27,04699-000-000,114 41ST ST MEXICO BEACH 32410,SINGLE FAM (000100),0,1,0,,ENG SHINGL,,N/A,,['93571'],['19930122'],['ROOF'],['ROOF'],['0'],29.951384,-85.426935,GAB,0.03,166.5382839,BAY,V,-1,0.166666667,ABOVE,MEXICO BEACH
28,04698-000-000,116 41ST ST MEXICO BEACH 32410,SINGLE FAM (000100),0,1,0,,ENG SHINGL,,N/A,,['14-2565'],['20140617'],['ROOF'],['ROOF'],['0'],29.95121,-85.427062,GAB,0.03,166.5382839,BAY,V,-1,0.166666667,ABOVE,MEXICO BEACH
29,04697-000-000,118 41ST ST MEXICO BEACH 32410,SINGLE FAM (000100),0,1,0,,ENG SHINGL,,N/A,,['925151'],['19920612'],['ROOF'],['ROOF'],,29.951036,-85.427188,GAB,0.03,166.5382839,BAY,V,-1,0.166666667,ABOVE,MEXICO BEACH
30,04973-846-000,313 ROBIN LN MEXICO BEACH 32410,SINGLE FAM (000100),1534,1,1975,COMMON BRK,ENG SHINGL,DRYWALL,N/A,CLAY TILE; VINYL PLNK,"['20MB-RB0218', '20MB-RR0006', '11290759', '99-02339']","['20200528', '20200108', '20090112', '19990308']","['REMO', 'RERF', 'RERF', 'MOVE']","['REMODEL', 'RE-ROOF', 'RE-ROOF', 'MOVE']","['28,000', '0', '1,496', '20,000']",29.941513,-85.40007,GAB,0.03,166.5382839,BAY,V,-1,0.166666667,ABOVE,MEXICO BEACH
31,04973-844-000,315 ROBIN LN MEXICO BEACH 32410,SINGLE FAM (000100),1920,1,1987,WD FR STUC,ENG SHINGL,DRYWALL,N/A,CLAY TILE,"['19MB-RB0458', '19MB-RR0244', '9707975', '9513142']","['20190725', '20190416', '19970728', '19951121']","['REMO', 'RERF', 'ADD', 'ADD']","['REMODEL', 'RE-ROOF', 'ADDITION', 'ADDITION']","['0', '0', '9,958', '1,100']",29.941791,-85.400008,GAB,0.03,166.5382839,BAY,V,-1,0.166666667,ABOVE,MEXICO BEACH
32,04973-842-000,317 ROBIN LN MEXICO BEACH 32410,SINGLE FAM (000100),1780,1,1987,WD FR STUC,ENG SHINGL,DRYWALL,N/A,CLAY TILE; HARDWOOD,"['20MB-RB0258', '19MB-RB0450', '19-0294', '65-0090']","['20200710', '20190722', '20190522', '20051116']","['STOR', 'REMO', 'RERF', 'RERF']","['POLE BARN/SHED', 'REMODEL', 'RE-ROOF', 'RE-ROOF']","['4,334', '0', '0', '0']",29.94206,-85.399972,GAB,0.03,166.5382839,BAY,V,-1,0.166666667,ABOVE,MEXICO BEACH
33,04973-840-000,319 ROBIN LN MEXICO BEACH 32410,SINGLE FAM (000100),2298,1,1983,PREFAB,ENG SHINGL,DRYWALL,N/A,SHT VINYL; CARPET,"['19MB-RR0238', '19MB-RB0213', '19MB-RR0177', '12-2120', 'B2170', '9710383']","['20190410', '20190409', '20190304', '20120326', '20020923', '19970915']","['RERF', 'REMO', 'RERF', 'RENO', 'ADD', 'ADD']","['RE-ROOF', 'REMODEL', 'RE-ROOF', 'WINDOWS', 'ADDITION', 'ADDITION']","['5,000', '15,000', '0', '0', '2,700', '420']",29.942302,-85.39977,GAB,0.03,166.5382839,BAY,V,-1,0.166666667,ABOVE,MEXICO BEACH
34,04973-822-000,314 ROBIN LN MEXICO BEACH 32410,SINGLE FAM (000100),2172,1,1985,CEDAR,ENG SHINGL,DRYWALL,N/A,SHT VINYL; CARPET,"['20MB-RR0057', '19MB-RB0431', '18MB-RR0173', '14-2475', '12-2194', 'B-2611', 'B-2612']","['20200519', '20190820', '20181211', '20140127', '20120716', '20031120', '20031120']","['RERF', 'REMO', 'RERF', 'ROOF', 'ROOF', 'ROOF', 'STOR']","['RE-ROOF', 'REMODEL', 'RE-ROOF', 'ROOF', 'ROOF', 'ROOF', 'STORAGE']","['0', '29,600', '0', '0', '0', '500', '500']",29.941348,-85.399635,GAB,0.03,166.5382839,BAY,V,-1,0.166666667,ABOVE,MEXICO BEACH
35,04973-818-000,308 WYSONG AVE MEXICO BEACH 32410,SINGLE FAM (000100),2048,1,1998,ABOVE AVG.,ENG SHINGL,DRYWALL,N/A,CLAY TILE; VINYL PLNK,"['19MB-RB0218', '19MB-SID0004', '18MB-RR0138', 'SP0093', 'SP0093', '7855', '9807917']","['20190411', '20190125', '20181204', '20030612', '20030604', '19990803', '19980610']","['REMO', 'SIDG', 'RERF', 'POOL', 'POOL', 'ADD', 'NC']","['REMODEL', 'SIDING', 'RE-ROOF', 'POOLS', 'POOLS', 'ADDITION', 'NEW CONST.']","['30,000', '24,000', '0', '0', '19,500', '15,600', '65,000']",29.940785,-85.399674,GAB,0.03,166.5382839,BAY,V,-1,0.166666667,ABOVE,MEXICO BEACH
36,04973-816-000,310 WYSONG AVE MEXICO BEACH 32410,SINGLE FAM (000100),1952,1,1998,VINYL,ENG SHINGL,DRYWALL,N/A,CLAY TILE; VINYL PLNK,"['20MB-RB0312', '19MB-RB0133', '19MB-RR0018', '18-0018', '99-00283', '9705492']","['20201026', '20190308', '20190104', '20181121', '19990112', '19970521']","['STOR', 'REMO', 'RERF', 'DEM', 'XTRA', 'NC']","['POLE BARN/SHED', 'REMODEL', 'RE-ROOF', 'DEMO', 'EXTRA FEAT', 'NEW CONST.']","['4,486', '60,000', '0', '0', '500', '35,868']",29.941015,-85.399434,GAB,0.03,166.5382839,BAY,V,-1,0.166666667,ABOVE,MEXICO BEACH
37,04973-814-000,312 WYSONG AVE MEXICO BEACH 32456,SINGLE FAM (000100),2312,1,1997,WD FR STUC,ENG SHINGL,DRYWALL,N/A,CLAY TILE; CARPET,"['19MB-RR0320', '19MB-RB0361', '18-3872', '9812916', '9607350']","['20190628', '20190617', '20180321', '19981120', '19960618']","['RERF', 'REMO', 'CRPT', 'ADD', 'NC']","['RE-ROOF', 'REMODEL', 'CARPORT', 'ADDITION', 'NEW CONST.']","['0', '17,000', '6,416', '4,200', '37,968']",29.941249,-85.399264,GAB,0.03,166.5382839,BAY,V,-1,0.166666667,ABOVE,MEXICO BEACH
38,04973-810-000,316 WYSONG AVE MEXICO BEACH 32410,SINGLE FAM (000100),2005,1,1994,COMMON BRK,ENG SHINGL,DRYWALL,N/A,SHT VINYL; CARPET,"['19MB-RR0045', '71370524', '0494', 'B1718', '9404974', '9400542']","['20190110', '20070713', '20070529', '20010918', '19940523', '19940120']","['RERF', 'UDU', 'RERF', 'ADD', 'ADD', 'NC']","['RE-ROOF', 'SHED', 'RE-ROOF', 'ADDITION', 'ADDITION', 'NEW CONST.']","['0', '1,100', '0', '3,175', '1,600', '38,161']",29.941672,-85.398746,GAB,0.03,166.5382839,BAY,V,-1,0.166666667,ABOVE,MEXICO BEACH
39,04973-808-000,318 WYSONG AVE MEXICO BEACH 32410,SINGLE FAM (000100),1600,1,1987,WD FR STUC; STONE,ENG SHINGL,DRYWALL,N/A,SHT VINYL; CARPET,,,,,,29.941894,-85.398514,GAB,0.03,166.5382839,BAY,V,-1,0.166666667,ABOVE,MEXICO BEACH
40,04973-807-000,320 WYSONG AVE A MEXICO BEACH 32410,SINGLE FAM (000100),1150,1,1986,WD FR STUC,ENG SHINGL,DRYWALL,N/A,SHT VINYL; CARPET,"['20MB-RB0072', '20MB-RR0012', '16-3080', '9602977', '9602977']","['20200220', '20200116', '20160304', '19960305', '19960305']","['REMO', 'RERF', 'RERF', 'ADD', 'ADD']","['REMODEL', 'RERF', 'RERF', 'ADDITION', 'ADDITION']","['25,000', '0', '0', '0', '0']",29.942171,-85.398225,GAB,0.03,166.5382839,BAY,V,-1,0.166666667,ABOVE,MEXICO BEACH
41,04973-806-000,320 WYSONG AVE B MEXICO BEACH 32410,SINGLE FAM (000100),1150,1,1986,WD FR STUC,ENG SHINGL,DRYWALL,N/A,CLAY TILE; CARPET,"['20MB-RB0074', '20MB-RR0011', '9602977']","['20200220', '20200116', '19960304']","['REMO', 'RERF', 'ADD']","['REMODEL', 'RE-ROOF', 'ADDITION']","['25,000', '0', '0']",29.94206,-85.398341,GAB,0.03,166.5382839,BAY,V,-1,0.166666667,ABOVE,MEXICO BEACH
42,04973-725-000,221 CHARLES CORNER MEXICO BEACH 32410,SINGLE FAM (000100),2262,1,2001,ABOVE AVG.,ENG SHINGL,DRYWALL,N/A,CLAY TILE; CARPET,"['18MB-RR0170', '14-2266', 'B1325']","['20181211', '20141016', '20001121']","['RERF', 'ADD', 'NC']","['RE-ROOF', 'SCREEN PORCH', 'NEW CONST.']","['0', '10,000', '99,440']",29.943551,-85.407297,GAB,0.03,166.5382839,BAY,V,-1,0.166666667,ABOVE,MEXICO BEACH
43,04973-722-000,220 KIM KOVE MEXICO BEACH 32410,SINGLE FAM (000100),1816,1,1985,WD FR STUC,ENG SHINGL,DRYWALL,N/A,SHT VINYL; CARPET,"['19MB-RR0184', '19MB-RB0099', '85605', '9401538']","['20190305', '20190219', '20050830', '19940218']","['RERF', 'REMO', 'RERF', 'ADD']","['RE-ROOF', 'REMODEL', 'RE-ROOF', 'ADDITION']","['0', '18,740', '0', '400']",29.943553,-85.40765,GAB,0.03,166.5382839,BAY,V,-1,0.166666667,ABOVE,MEXICO BEACH
44,04973-694-000,215 KIM KOVE MEXICO BEACH 32410,SINGLE FAM (000100),3133,1,1988,WD FR STUC,ENG SHINGL,DRYWALL,N/A,HARDWOOD,"['19MB-RB0101', '19MB-RR0130', '9210621']","['20190219', '20190219', '19921105']","['REMO', 'RERF', 'ADD']","['REMODEL', 'RE-ROOF', 'ADDITION']","['9,000', '0', '7,900']",29.943549,-85.408171,GAB,0.03,166.5382839,BAY,V,-1,0.166666667,ABOVE,MEXICO BEACH
45,04973-690-000,223 KIM KOVE MEXICO BEACH 32410,SINGLE FAM (000100),2520,1,2000,ABOVE AVG.,ENG SHINGL,DRYWALL,N/A,CLAY TILE; CARPET,"['19MB-RB0452', '19MB-RB0100', '19MB-RR0129', '18-3859', 'B332']","['20190725', '20190219', '20190219', '20180306', '20000521']","['DECK', 'REMO', 'RERF', 'POOL', 'NC']","['DECK', 'REMODEL', 'RE-ROOF', 'POOL', 'NEW CONST.']","['0', '9,500', '0', '34,000', '105,600']",29.944089,-85.408173,GAB,0.03,166.5382839,BAY,V,-1,0.166666667,ABOVE,MEXICO BEACH
46,04973-681-000,235 KIM KOVE MEXICO BEACH 32410,SINGLE FAM (000100),1897,1,1979,CB STUCCO,ENG SHINGL,DRYWALL,N/A,VINYL PLNK,"['20MB-RB0079', '20MB-RR0026', '19MB-DEM0267', '42580638', '9609856', '21641', '4656']","['20200221', '20200221', '20191115', '20080425', '19960822', '19910301', '19901114']","['REMO', 'RERF', 'DEM', 'ROOF', 'RENO', 'ADD', 'ROOF']","['REMODEL', 'RE-ROOF', 'DEMOLITION', 'ROOF', 'RENOVATION', 'ADDITION', 'ROOF']","['70,000', '0', '0', '1,904', '2,540', '500', '0']",29.945034,-85.40808,GAB,0.03,166.5382839,BAY,V,-1,0.166666667,ABOVE,MEXICO BEACH
47,04973-678-000,233 KIM KOVE MEXICO BEACH 32410,SINGLE FAM (000100),1751,1,2002,VINYL,ENG SHINGL,DRYWALL,N/A,VINYL PLNK,"['19MB-RB0002', '19MB-RR0003', 'B1826']","['20190123', '20190102', '20011003']","['REMO', 'RERF', 'NC']","['REMODEL', 'RE-ROOF', 'NEW CONST.']","['45,000', '0', '83,398']",29.945006,-85.408079,GAB,0.03,166.5382839,BAY,V,-1,0.166666667,ABOVE,MEXICO BEACH
48,04973-653-000,221 NANNOOK RD MEXICO BEACH 32456,SINGLE FAM (000100),2550,1,2011,VINYL,ENG SHINGL,DRYWALL,N/A,CLAY TILE; CARPET,"['19MB-RB0351', '18MB-RR0192', '18111195']","['20190610', '20181217', '20110518']","['ADD', 'RERF', 'NC']","['PATIO ENCLOSURE', 'RE-ROOF', 'NEW CONST.']","['21,000', '0', '0']",29.943378,-85.407874,GAB,0.03,133,BAY,V,-1,0.166666667,ABOVE,MEXICO BEACH
49,04973-649-010,233 NANNOOK RD MEXICO BEACH 32410,SINGLE FAM (000100),2225,1,2012,COMMON BRK,ENG SHINGL,DRYWALL,N/A,CLAY TILE; CARPET,"['19MB-RB0489', '19MB-RR0062', '12-2228', '12-2209']","['20190814', '20190116', '20120925', '20120822']","['REMO', 'RERF', 'ROOF', 'NC']","['REMODEL', 'RE-ROOF', 'ROOF', 'SINGLE FAMILY']","['105,900', '0', '0', '0']",29.945033,-85.408966,GAB,0.03,133,BAY,V,-1,0.166666667,ABOVE,MEXICO BEACH
50,04973-643-000,243 NAN NOOK RD MEXICO BEACH 32410,SINGLE FAM (000100),1560,1,1984,ABOVE AVG.,ENG SHINGL,DRYWALL,N/A,VINYL PLNK,"['19MB-RR0097', '18-3749', '17-3743', '860175', '10018']","['20190201', '20180102', '20171222', '20060228', '19990908']","['RERF', 'RERF', 'SIDG', 'RERF', 'ADD']","['RERF', 'RERF', 'SIDING', 'RE-ROOF', 'ADDITION']","['0', '0', '0', '1,836', '599']",29.945949,-85.40906,GAB,0.03,166.5382839,BAY,V,-1,0.166666667,ABOVE,MEXICO BEACH
51,04973-632-000,423 TEXAS DR MEXICO BEACH 32410,SINGLE FAM (000100),2144,1,2003,VINYL,ENG SHINGL,DRYWALL,N/A,CLAY TILE,"['18MB-RR0168', '41390827', 'RF261', 'B2750']","['20181210', '20090413', '20030228', '20021223']","['RERF', 'ADD', 'ROOF', 'NC']","['RE-ROOF', 'ADDITION', 'ROOF', 'NEW CONST.']","['0', '30,000', '0', '78,074']",29.942616,-85.396911,GAB,0.03,166.5382839,BAY,V,-1,0.166666667,ABOVE,MEXICO BEACH
52,04973-601-010,407 TEXAS DR MEXICO BEACH 32410,SINGLE FAM (000100),1023,1,2001,WD FR STUC,ENG SHINGL,DRYWALL,N/A,CLAY TILE; CARPET,"['19MB-RB0373', '19MB-RB0269', '18MB-RR0158', '256-0310', 'SP-0109', 'B2217']","['20190620', '20190425', '20181207', '20061031', '20030703', '20021001']","['REMO', 'ADD', 'RERF', 'CRPT', 'POOL', 'ADD']","['REMODEL', 'DETACHED GARAGE', 'RE-ROOF', 'CARPORT', 'POOLS', 'ADDITION']","['31,000', '0', '0', '3,395', '15,000', '0']",29.941035,-85.398598,GAB,0.03,166.5382839,BAY,V,-1,0.166666667,ABOVE,MEXICO BEACH
53,04973-601-000,405 TEXAS DR MEXICO BEACH 32410,SINGLE FAM (000100),1236,1,1980,AVERAGE,ENG SHINGL,DRYWALL,N/A,SHT VINYL; CARPET,"['20MB-SID0003', '19MB-RR0258', '15-2910', '13-2248', 'B1909', '1909', 'B419', 'B1446']","['20200519', '20190416', '20150804', '20131126', '20020823', '20020802', '20010302', '20001211']","['SIDG', 'RERF', 'STOR', 'ROOF', 'REMO', 'ADD', 'MOVE', 'MOVE']","['SIDING', 'RE-ROOF', 'CARPORT', 'ROOF', 'REMODEL', 'ADDITION', 'MOVE', 'MOVE']","['2,000', '6,500', '0', '0', '1,500', '1,500', '0', '41,492']",29.940833,-85.398812,GAB,0.03,166.5382839,BAY,V,-1,0.166666667,ABOVE,MEXICO BEACH
54,04973-540-000,420 TEXAS DR MEXICO BEACH 32410,SINGLE FAM (000100),2252,1,1998,VINYL,ENG SHINGL,DRYWALL,N/A,SHT VINYL; CARPET,"['19MB-RR0302', '19MB-SID0020', '9801446']","['20190604', '20190412', '19980212']","['RERF', 'SIDG', 'NC']","['RE-ROOF', 'SIDING', 'NEW CONST.']","['0', '10,000', '85,000']",29.942118,-85.39675,GAB,0.03,166.5382839,BAY,V,-1,0.166666667,ABOVE,MEXICO BEACH
55,04973-539-000,421 CALIFORNIA DR MEXICO BEACH 32410,SINGLE FAM (000100),1887,1,1977,VINYL; STONE,ENG SHINGL,DRYWALL,N/A,CARPET; CLAY TILE,"['19MB-RR0022', '21810993', '12610978', '2189968', '928263']","['20190107', '20100218', '20100106', '20091218', '19920915']","['RERF', 'RENO', 'NC', 'POOL', 'ROOF']","['RE-ROOF', 'RENOVATION', 'NEW CONST.', 'POOLS', 'ROOF']","['0', '60,000', '60,000', '15,500', '0']",29.941914,-85.396501,GAB,0.03,166.5382839,BAY,V,-1,0.166666667,ABOVE,MEXICO BEACH
56,04973-530-000,418 TEXAS DR MEXICO BEACH 32410,SINGLE FAM (000100),1680,1,1977,COMMON BRK,ENG SHINGL,DRYWALL,N/A,VINYL PLNK; CARPET,['18-0080'],['20181116'],['RERF'],['RERF'],['0'],29.94192,-85.396969,GAB,0.03,166.5382839,BAY,V,-1,0.166666667,ABOVE,MEXICO BEACH
57,04973-499-000,400 TEXAS DR MEXICO BEACH 32410,SINGLE FAM (000100),2450,1,2005,VINYL,ENG SHINGL,DRYWALL,N/A,CLAY TILE; CARPET,"['19MB-RB0535', '19MB-RB0438', '19MB-RR0246', '16-3051', '14-2600', '13-2364', '84205']","['20190916', '20190716', '20190416', '20160218', '20140717', '20130709', '20050812']","['STOR', 'REMO', 'RERF', 'RERF', 'REMO', 'STOR', 'RERF']","['POLE BARN/SHED', 'REMODEL', 'RERF', 'RERF', 'REMODEL', 'GARAGE', 'RE-ROOF']","['2,300', '0', '0', '0', '12,500', '12,995', '0']",29.940137,-85.398877,GAB,0.03,166.5382839,BAY,V,-1,0.166666667,ABOVE,MEXICO BEACH
58,04973-420-000,408 CALIFORNIA DR MEXICO BEACH 32410,SINGLE FAM (000100),1564,1,1998,VINYL,ENG SHINGL,DRYWALL,N/A,CLAY TILE; HARDWOOD,"['21MB-RB0089', '20MB-RB0017', '19MB-RB0301', '19MB-RR0023', '16101089', 'SP095', '9806273', '9804220']","['20210513', '20200219', '20190514', '20190107', '20100816', '20010627', '19980619', '19980427']","['POOL', 'STOR', 'REMO', 'RERF', 'NC', 'POOL', 'NC', 'NC']","['POOL/HOT TUB', 'POLE BARN/SHED', 'REMODEL', 'RE-ROOF', 'NEW CONST.', 'POOLS', 'NEW CONST.', 'NEW CONST.']","['49,826', '0', '28,000', '0', '0', '15,500', '0', '72,767']",29.940436,-85.397425,GAB,0.03,166.5382839,BAY,V,-1,0.166666667,ABOVE,MEXICO BEACH
59,04973-395-000,427 7TH ST MEXICO BEACH 32410,SINGLE FAM (000100),1640,1,1977,COMMON BRK,ENG SHINGL,DRYWALL,N/A,VINYL PLNK,"['21MB-RB0048', '19MB-RB0586', '19MB-RR0309', '13-2399', '25101043', '9507289']","['20210325', '20191025', '20190618', '20130918', '20100507', '19950809']","['STOR', 'REMO', 'RERF', 'ROOF', 'RENO', 'ROOF']","['POLE BARN/SHED', 'REMODEL', 'RE-ROOF', 'ROOF', 'RENOVATION', 'ROOF']","['2,500', '40,000', '0', '0', '0', '0']",29.941524,-85.394612,GAB,0.03,166.5382839,BAY,V,-1,0.166666667,ABOVE,MEXICO BEACH
60,04973-391-000,424 ARIZONA DR MEXICO BEACH 32410,SINGLE FAM (000100),1902,1,2008,VINYL; COMMON BRK,ENG SHINGL,DRYWALL,N/A,CLAY TILE; CARPET,['31880619'],['20080318'],['NC'],['NEW CONST.'],"['125,000']",29.94153,-85.395078,GAB,0.03,166.5382839,BAY,V,-1,0.166666667,ABOVE,MEXICO BEACH
61,04973-345-000,414 ARIZONA DR MEXICO BEACH 32410,SINGLE FAM (000100),1992,1,1993,WD FR STUC,ENG SHINGL,DRYWALL,N/A,SHT VINYL; CARPET,"['19MB-RR0029', '16-3168', '16-3165', '15-2958', '15-2805', '93-5873']","['20190108', '20160620', '20160601', '20150930', '20150414', '19930613']","['RERF', 'CRPT', 'RERF', 'ADD', 'POOL', 'NC']","['RE-ROOF', 'CARPORT', 'RERF', 'SCREEN ENCLOSURE', 'POOL', 'NEW CONST.']","['0', '0', '0', '9,595', '0', '36,157']",29.940531,-85.396163,GAB,0.03,166.5382839,BAY,V,-1,0.166666667,ABOVE,MEXICO BEACH
62,04973-342-000,415 7TH ST MEXICO BEACH 32410,SINGLE FAM (000100),1920,1,1995,VINYL,ENG SHINGL,DRYWALL,N/A,CLAY TILE; CARPET,"['19MB-RR0015', '9507353']","['20190103', '19950811']","['RERF', 'NC']","['RE-ROOF', 'NEW CONST.']","['0', '39,186']",29.940326,-85.395914,GAB,0.03,166.5382839,BAY,V,-1,0.166666667,ABOVE,MEXICO BEACH
63,04973-340-000,412 ARIZONA DR MEXICO BEACH 32410,SINGLE FAM (000100),2598,1,2006,VINYL,ENG SHINGL,DRYWALL,N/A,CLAY TILE; CARPET,['610305'],['20050603'],['NC'],['NEW CONST.'],"['150,000']",29.940331,-85.39638,GAB,0.03,166.5382839,BAY,V,-1,0.166666667,ABOVE,MEXICO BEACH
64,04973-322-000,409 7TH ST MEXICO BEACH 32410,SINGLE FAM (000100),3217,1,2008,BD/BAT AVG,ENG SHINGL,DRYWALL,N/A,CLAY TILE; CARPET,['19MB-RR0055'],['20190115'],['RERF'],['RE-ROOF'],['0'],29.939727,-85.396565,GAB,0.03,166.5382839,BAY,V,-1,0.166666667,ABOVE,MEXICO BEACH
65,04973-280-000,429 COLORADO DR MEXICO BEACH 32410,SINGLE FAM (000100),1500,1,2004,VINYL,ENG SHINGL,DRYWALL,N/A,VINYL PLNK,"['21MB-RB0002', '19MB-RB0395', '18MB-RR0143']","['20210202', '20190627', '20181204']","['STOR', 'REMO', 'RERF']","['POLE BARN/SHED', 'REMODEL', 'RE-ROOF']","['6,500', '32,000', '0']",29.941078,-85.393612,GAB,0.03,166.5382839,BAY,V,-1,0.166666667,ABOVE,MEXICO BEACH
66,04973-270-000,426 7TH ST MEXICO BEACH 32410,SINGLE FAM (000100),2612,1,2000,ABOVE AVG.,ENG SHINGL,DRYWALL,N/A,CLAY TILE; VINYL PLNK,"['19MB-RR0269', '10280575', '248-0589', '28-0575', 'B308', '13314']","['20190424', '20080522', '20080124', '20080102', '20010215', '19991210']","['RERF', 'POOL', 'ENCL', 'POOL', 'ADD', 'NC']","['RE-ROOF', 'POOLS', 'SCREEN ENC', 'POOLS', 'ADDITION', 'NEW CONST.']","['0', '0', '0', '0', '2,125', '90,112']",29.941348,-85.393738,GAB,0.03,166.5382839,BAY,V,-1,0.166666667,ABOVE,MEXICO BEACH
67,04973-260-000,427 COLORADO DR MEXICO BEACH 32410,SINGLE FAM (000100),2656,1,2000,VINYL,ENG SHINGL,DRYWALL,N/A,SHT VINYL; CARPET,"['19MB-RB0169', '19MB-RR0212', 'B1301', '10592']","['20190321', '20190321', '20020502', '19991005']","['REMO', 'RERF', 'ADD', 'NC']","['REMODEL', 'RE-ROOF', 'ADDITION', 'NEW CONST.']","['43,888', '0', '20,000', '84,436']",29.940879,-85.393829,GAB,0.03,166.5382839,BAY,V,-1,0.166666667,ABOVE,MEXICO BEACH
68,04973-185-000,417 COLORADO DR MEXICO BEACH 32410,SINGLE FAM (000100),1576,1,1998,VINYL,ENG SHINGL,DRYWALL,N/A,SHT VINYL; CARPET,"['21MB-RB0018', '18-0048', 'B0200158', '9710355']","['20210208', '20180806', '20020123', '19970915']","['REMO', 'RERF', 'ADD', 'NC']","['REMODEL', 'RERF', 'ADDITION', 'NEW CONST.']","['15,000', '0', '1,894', '93,650']",29.93988,-85.394914,GAB,0.03,166.5382839,BAY,V,-1,0.166666667,ABOVE,MEXICO BEACH
69,04973-180-000,415 COLORADO DR 415 MEXICO BEACH 32410,SINGLE FAM (000100),2340,1,1999,VINYL,ENG SHINGL,DRYWALL,N/A,VINYL PLNK,"['18MB-RR0175', '12-2090', '99-01702', '9813398', '9813032']","['20181212', '20120213', '19990218', '19981207', '19981125']","['RERF', 'ADD', 'ADD', 'ROOF', 'NC']","['RE-ROOF', 'WINDOW/DOOR', 'ADDITION', 'ROOF', 'NEW CONST.']","['0', '0', '4,000', '0', '70,000']",29.93968,-85.395131,GAB,0.03,166.5382839,BAY,V,-1,0.166666667,ABOVE,MEXICO BEACH
70,04973-165-000,406 7TH ST MEXICO BEACH 32410,SINGLE FAM (000100),1595,1,1978,COMMON BRK,ENG SHINGL,DRYWALL,N/A,SHT VINYL; CARPET,"['19MB-RB0559', '18MB-RR0169', 'ROOF', '91-4743']","['20191008', '20181210', '20101220', '19910712']","['ADD', 'RERF', 'ROOF', 'ROOF']","['PATIO ENCLOSURE', 'RE-ROOF', 'ROOF', 'ROOF']","['1,000', '0', '0', '0']",29.939181,-85.396362,GAB,0.03,166.5382839,BAY,V,-1,0.166666667,ABOVE,MEXICO BEACH
71,04973-150-000,404 7TH ST MEXICO BEACH 32410,SINGLE FAM (000100),2771,1,2002,VINYL; COMMON BRK,ENG SHINGL,DRYWALL,N/A,CLAY TILE; CARPET,"['20MB-RB0267', '18MB-RR0155', 'B2384', 'RF1072', 'B513']","['20200731', '20181206', '20021015', '20020806', '20020222']","['ADD', 'RERF', 'ADD', 'ROOF', 'NC']","['ADDITION', 'RE-ROOF', 'ADDITION', 'ROOF', 'NEW CONST.']","['6,500', '0', '4,294', '0', '160,000']",29.938959,-85.396598,GAB,0.03,166.5382839,BAY,V,-1,0.166666667,ABOVE,MEXICO BEACH
72,04973-140-000,405 COLORADO DR MEXICO BEACH 32410,SINGLE FAM (000100),2379,1,2003,ABOVE AVG.,ENG SHINGL,DRYWALL,N/A,VINYL PLNK,"['20MB-RR0106', 'B2382']","['20201201', '20021011']","['RERF', 'NC']","['RE-ROOF', 'NEW CONST.']","['0', '155,000']",29.938132,-85.396571,GAB,0.03,166.5382839,BAY,V,-1,0.166666667,ABOVE,MEXICO BEACH
73,04973-105-000,425 NEW MEXICO DR MEXICO BEACH 32410,SINGLE FAM (000100),1582,1,2015,VINYL,ENG SHINGL,DRYWALL,N/A,CLAY TILE; CARPET,"['19MB-RR0183', '18-0038', '15-2923']","['20190305', '20180731', '20150818']","['RERF', 'STOR', 'NC']","['RE-ROOF', 'SHED/CARPORT COMBO', 'MODULAR']","['0', '8,395', '0']",29.940041,-85.393214,GAB,0.03,133,BAY,V,-1,0.166666667,ABOVE,MEXICO BEACH
74,04973-104-000,424 COLORADO DR MEXICO BEACH 32410,SINGLE FAM (000100),1374,1,1985,PREFAB,ENG SHINGL,DRYWALL,N/A,CLAY TILE; VINYL PLNK,"['21MB-RB0022', '20MB-RB0274', '19MB-RB0613', '19MB-RR0355', '17-3710', '9312355']","['20210316', '20200729', '20191127', '20190815', '20171115', '19931220']","['STOR', 'REMO', 'REMO', 'RERF', 'STOR', 'ADD']","['POLE BARN/SHED', 'REMODEL', 'REMODEL', 'RE-ROOF', 'POLE BARN', 'ADDITION']","['7,975', '93,400', '15,000', '0', '0', '8,000']",29.940285,-85.393568,GAB,0.03,166.5382839,BAY,V,-1,0.166666667,ABOVE,MEXICO BEACH
75,04973-096-000,418 COLORADO DR MEXICO BEACH 32410,SINGLE FAM (000100),2235,1,1988,VINYL,ENG SHINGL,DRYWALL,N/A,CLAY TILE; NONE,"['20MB-RB0055', '20MB-RR0022', '15-2765', 'RF-1442', '93-03041']","['20200211', '20200211', '20150227', '20030926', '19930407']","['REMO', 'RERF', 'STOR', 'RERF', 'ADD']","['REMODEL', 'RE-ROOF', 'STORAGE SHED', 'RE-ROOF', 'ADDITION']","['33,000', '0', '0', '0', '0']",29.939586,-85.394328,GAB,0.03,166.5382839,BAY,V,-1,0.166666667,ABOVE,MEXICO BEACH
76,04973-076-000,414 COLORADO DR MEXICO BEACH 32410,SINGLE FAM (000100),3014,1,1999,VINYL,ENG SHINGL,DRYWALL,N/A,SHT VINYL; CARPET,"['20MB-RB0188', '20MB-RR0034', '050055', '7109']","['20200506', '20200313', '20051010', '19990719']","['REMO', 'RERF', 'POOL', 'NC']","['REMODEL', 'RE-ROOF', 'POOLS', 'NEW CONST.']","['37,500', '0', '22,800', '91,256']",29.939287,-85.394653,GAB,0.03,166.5382839,BAY,V,-1,0.166666667,ABOVE,MEXICO BEACH
77,04973-010-000,404 NEW MEXICO DR MEXICO BEACH 32410,SINGLE FAM (000100),3346,1,2003,WD FR STUC,ENG SHINGL,DRYWALL,N/A,CLAY TILE; HARDWOOD,"['19MB-RB0433', '19MB-RR0030', '15-2912', '80590901', 'RF372', 'B2682', '']","['20190724', '20190109', '20150811', '20090805', '20030322', '20021211', '19911011']","['STOR', 'RERF', 'ADD', 'UDU', 'ROOF', 'NC', '']","['POLE BARN/SHED', 'RE-ROOF', 'SCREEN ROOM', 'SHED', 'ROOF', 'NEW CONST.', 'N/A']","['0', '0', '5,200', '2,400', '0', '198,987', '0']",29.937191,-85.39554,GAB,0.03,166.5382839,BAY,V,-1,0.166666667,ABOVE,MEXICO BEACH
78,04973-002-010,401 5TH ST MEXICO BEACH 32410,SINGLE FAM (000100),2234,1,1991,WD FR STUC,ENG SHINGL,DRYWALL,N/A,CLAY TILE; VINYL PLNK,"['20MB-RB0221', '19MB-RR0059', '13-2271', '12-2132', '11847', '9606907', '', '913053']","['20200622', '20190116', '20130114', '20120409', '19991025', '19960603', '19910610', '19910514']","['STOR', 'RERF', 'ROOF', 'ROOF', 'ADD', 'ADD', '', 'NC']","['POLE BARN/SHED', 'RE-ROOF', 'ROOF', 'ROOF', 'ADDITION', 'ADDITION', 'N/A', 'NEW CONST.']","['6,800', '0', '0', '0', '9,000', '1,000', '0', '0']",29.937348,-85.393909,GAB,0.03,166.5382839,BAY,V,-1,0.166666667,ABOVE,MEXICO BEACH
79,04973-002-000,504 MARYLAND BLVD MEXICO BEACH 32410,SINGLE FAM (000100),4208,1,2000,VINYL,ENG SHINGL,DRYWALL,N/A,CLAY TILE; HARDWOOD,"['20MB-RR0027', '19MB-RB0522', '604405', 'B1271', '3190', '8702']","['20200221', '20190906', '20050630', '20010711', '20000328', '19990806']","['RERF', 'REMO', 'ADD', 'ADD', 'ADD', 'NC']","['RE-ROOF', 'REMODEL', 'ADDITION', 'ADDITION', 'ADDITION', 'NEW CONST.']","['0', '30,485', '6,250', '25,401', '2,100', '230,206']",29.937266,-85.395187,GAB,0.03,166.5382839,BAY,V,-1,0.166666667,ABOVE,MEXICO BEACH
80,04968-000-000,510 MARYLAND BLVD MEXICO BEACH 32410,SINGLE FAM (000100),1740,1,1986,PREFAB,ENG SHINGL,PLYWOOD; DRYWALL,N/A,CARPET; SHT VINYL,"['19MB-RR0157', '0435', 'B1120']","['20190228', '20070313', '20030516']","['RERF', 'RERF', 'XTRA']","['RE-ROOF', 'RE-ROOF', 'EXTRA FEAT']","['0', '0', '1,895']",29.937308,-85.396156,GAB,0.03,166.5382839,BAY,V,-1,0.166666667,ABOVE,MEXICO BEACH
81,04938-010-000,710 GEORGIA AVE MEXICO BEACH 32410,SINGLE FAM (000100),980,1,1973,VINYL,ENG SHINGL,PLYWOOD; DRYWALL,N/A,CLAY TILE,"['19MB-RB0404', '19MB-RR0066', 'RF377', 'B500']","['20190702', '20190117', '20020320', '20020304']","['REMO', 'RERF', 'RERF', 'ADD']","['REMODEL', 'RE-ROOF', 'RE-ROOF', 'ADDITION']","['0', '0', '0', '18,000']",29.938862,-85.398994,GAB,0.03,166.5382839,BAY,V,-1,0.166666667,ABOVE,MEXICO BEACH
82,04930-030-000,205 8TH ST MEXICO BEACH 32410,SINGLE FAM (000100),2117,1,2011,VINYL,ENG SHINGL,DRYWALL,N/A,CLAY TILE; CARPET,"['19MB-RB0635', '19MB-RB0573', '18MB-RR0125', '13111180', '06101013']","['20200124', '20191021', '20190103', '20110413', '20100406']","['STOR', 'REMO', 'RERF', 'ROOF', 'DEM']","['POLE BARN/SHED', 'REMODEL', 'RE-ROOF', 'ROOF', 'DEMOLITION']","['4,395', '15,000', '0', '3,500', '0']",29.938611,-85.400356,GAB,0.03,133,BAY,V,-1,0.166666667,ABOVE,MEXICO BEACH
83,04925-020-000,209 VIRGINIA DR MEXICO BEACH 32410,SINGLE FAM (000100),2734,1,2007,AVERAGE,ENG SHINGL,DRYWALL,N/A,CARPET; HARDWOOD,"['82860302', 'B0599', 'B050', '21220', '21220']","['20060828', '20030314', '20010105', '19901115', '19901115']","['NC', 'ADD', 'ADD', 'ADD', 'NC']","['NEW CONST.', 'ADDITION', 'ADDITION', 'ADDITION', 'NEW CONST.']","['217,000', '800', '5,370', '0', '217,000']",29.938239,-85.399434,GAB,0.03,166.5382839,BAY,V,-1,0.166666667,ABOVE,MEXICO BEACH
84,04916-000-000,203 7TH ST MEXICO BEACH 32410,SINGLE FAM (000100),2567,1,1977,COMMON BRK,ENG SHINGL,DRYWALL,N/A,VINYL PLNK,"['19MB-RB0267', '19MB-RR0206', '9612438']","['20190611', '20190319', '19961011']","['REMO', 'RERF', 'ROOF']","['REMODEL', 'RE-ROOF', 'ROOF']","['110,000', '0', '0']",29.937261,-85.399236,GAB,0.03,166.5382839,BAY,V,-1,0.166666667,ABOVE,MEXICO BEACH
85,04915-020-000,200 7TH ST MEXICO BEACH 32410,SINGLE FAM (000100),3104,1,1992,COMMON BRK,ENG SHINGL,DRYWALL,N/A,SHT VINYL; CARPET,"['18-012S', '12-2249', '924865']","['20181129', '20121107', '19920601']","['RERF', 'ROOF', 'NC']","['RERF', 'ROOF', 'NEW CONST.']","['0', '0', '85,644']",29.936912,-85.398811,GAB,0.03,166.5382839,BAY,V,-1,0.166666667,ABOVE,MEXICO BEACH
86,04908-030-000,603 GEORGIA AVE MEXICO BEACH 32410,SINGLE FAM (000100),1984,1,1977,VINYL,ENG SHINGL,DRYWALL,N/A,VINYL PLNK,"['20MB-RR0041', '19MB-RB0571', '18-0039', '9703745']","['20200327', '20191120', '20180706', '19970407']","['RERF', 'REMO', 'REMO', 'RENO']","['RE-ROOF', 'REMODEL', 'BATHROOM REMO', 'RENOVATION']","['0', '120,000', '5,000', '0']",29.937088,-85.397473,GAB,0.03,166.5382839,BAY,V,-1,0.166666667,ABOVE,MEXICO BEACH
87,04901-000-000,207 MISSISSIPPI DR MEXICO BEACH 32410,SINGLE FAM (000100),2624,1,1997,WD FR STUC,ENG SHINGL,DRYWALL,N/A,CLAY TILE; CARPET,"['14-2526', '9702937', '9612289']","['20140401', '19970317', '19961009']","['ROOF', 'ADD', 'NC']","['ROOF', 'ADDITION', 'NEW CONST.']","['0', '9,000', '43,029']",29.936152,-85.396855,GAB,0.03,166.5382839,BAY,V,-1,0.166666667,ABOVE,MEXICO BEACH
88,04891-000-000,205 CAROLINA DR MEXICO BEACH 32410,SINGLE FAM (000100),2376,1,2006,AVERAGE; COMMON BRK,ENG SHINGL,DRYWALL,N/A,CLAY TILE; VINYL PLNK,"['19MB-RB0254', '18MB-RR0186', '860172']","['20190422', '20181214', '20060228']","['REMO', 'RERF', 'NC']","['REMODEL', 'RE-ROOF', 'NEW CONST.']","['100,000', '0', '114,840']",29.934866,-85.395813,GAB,0.03,166.5382839,BAY,V,-1,0.166666667,ABOVE,MEXICO BEACH
89,04876-010-000,201 3RD ST MEXICO BEACH 32410,SINGLE FAM (000100),1976,1,1971,VINYL,ENG SHINGL,DRYWALL,N/A,SHT VINYL; CARPET,"['18MB-RR0212', '16-3199', 'Q2890842', 'RF-1500', 'B-2031']","['20181209', '20160719', '20090428', '20031007', '20030911']","['RERF', 'RERF', 'STOR', 'RERF', 'ADD']","['RERF', 'RERF', 'STORAGE', 'RE-ROOF', 'ADDITION']","['0', '0', '1,700', '0', '40,000']",29.933082,-85.394165,GAB,0.03,166.5382839,BAY,V,-1,0.166666667,ABOVE,MEXICO BEACH
90,04867-000-000,59 OAK AVE MEXICO BEACH 32410,SINGLE FAM (000100),1925,1,1976,COMMON BRK,ENG SHINGL,PLYWOOD; DRYWALL,N/A,SHT VINYL; CARPET,"['18MB-RR0185', '924400']","['20181214', '19920518']","['RERF', 'ROOF']","['RE-ROOF', 'ROOF']","['0', '0']",29.929261,-85.391235,GAB,0.03,166.5382839,BAY,V,-1,0.166666667,ABOVE,MEXICO BEACH
91,04861-000-000,57 AZALEA DR MEXICO BEACH 32410,SINGLE FAM (000100),1769,1,1984,VINYL; COMMON BRK,ENG SHINGL,DRYWALL,N/A,CARPET,"['18-0103', '18-0011', 'B448', '9807611']","['20181119', '20180402', '20020227', '19980728']","['RERF', 'RERF', 'RENO', 'ROOF']","['RERF', 'RERF', 'RENOVATION', 'ROOF']","['0', '0', '8,300', '0']",29.929638,-85.390426,GAB,0.03,166.5382839,BAY,V,-1,0.166666667,ABOVE,MEXICO BEACH
92,04857-010-000,121 PINE ST MEXICO BEACH 32410,SINGLE FAM (000100),1432,1,1974,AVERAGE,ENG SHINGL,PLYWOOD,N/A,CORK/VTILE,['19MB-RR0136'],['20190221'],['RERF'],['RE-ROOF'],['0'],29.927763,-85.389508,GAB,0.03,166.5382839,BAY,V,-1,0.166666667,ABOVE,MEXICO BEACH
93,04856-005-000,125 PINE ST MEXICO BEACH 32410,SINGLE FAM (000100),1960,1,1998,VINYL,ENG SHINGL,DRYWALL,N/A,VINYL PLNK; CARPET,['9805572'],['19980602'],['NC'],['NEW CONST.'],"['60,180']",29.928176,-85.389518,GAB,0.03,166.5382839,BAY,V,-1,0.166666667,ABOVE,MEXICO BEACH
94,04849-010-000,140 PALM ST MEXICO BEACH 32410,SINGLE FAM (000100),3691,1,1968,COMMON BRK; CB STUCCO,ENG SHINGL,DRYWALL,N/A,SHT VINYL; CARPET,"['20MB-RB0041', '18-0054', 'ROOF']","['20200204', '20180827', '20080926']","['STOR', 'RERF', 'ROOF']","['POLE BARN/SHED', 'RERF', 'ROOF']","['20,000', '0', '2,000']",29.929587,-85.389693,GAB,0.03,166.5382839,BAY,V,-1,0.166666667,ABOVE,MEXICO BEACH
95,04846-000-000,116 PINE ST MEXICO BEACH 32410,SINGLE FAM (000100),2532,1,2008,VINYL,ENG SHINGL,DRYWALL,N/A,HARDWOOD; CARPET,"['19MB-RB0167', '19MB-RR0210', '52880653', '12047']","['20190321', '20190321', '20080528', '20071204']","['REMO', 'RERF', 'NC', 'DEM']","['REMODEL', 'RE-ROOF', 'NEW CONST.', 'DEMOLITION']","['22,000', '0', '178,000', '0']",29.927274,-85.389124,GAB,0.03,166.5382839,BAY,V,-1,0.166666667,ABOVE,MEXICO BEACH
96,04845-000-000,118 PINE ST MEXICO BEACH 32410,SINGLE FAM (000100),2284,1,1996,WD FR STUC,ENG SHINGL,DRYWALL,N/A,SHT VINYL; CARPET,"['19MB-RR0110', '17-3739', '9603081', '9603081']","['20190206', '20171215', '19960307', '19960228']","['RERF', 'ADD', 'NC', 'NC']","['RE-ROOF', 'BATHROOM', 'NEW CONST.', 'NEW CONST.']","['0', '20,000', '47,019', '78,000']",29.927336,-85.389125,GAB,0.03,166.5382839,BAY,V,-1,0.166666667,ABOVE,MEXICO BEACH
97,04843-000-000,120 PINE ST MEXICO BEACH 32410,SINGLE FAM (000100),2050,1,1985,CONC BLOCK,ENG SHINGL,DRYWALL,N/A,SHT VINYL,"['19MB-RR0245', '72480685', '9412282']","['20190416', '20080724', '19941215']","['RERF', 'RERF', 'XTRA']","['RE-ROOF', 'RE-ROOF', 'EXTRA FEAT']","['12,437', '2,040', '2,900']",29.927397,-85.389126,GAB,0.03,166.5382839,BAY,V,-1,0.166666667,ABOVE,MEXICO BEACH
98,04840-000-000,129 HWY 386 MEXICO BEACH 32410,SINGLE FAM (000100),3660,1,2009,VINYL,ENG SHINGL,DRYWALL,N/A,CLAY TILE; CARPET,"['19MB-RR0077', '12180737']","['20190122', '20081121']","['RERF', 'NC']","['RE-ROOF', 'NEW CONST.']","['0', '410,000']",29.928493,-85.38876,GAB,0.03,166.5382839,BAY,V,-1,0.166666667,ABOVE,MEXICO BEACH
99,04839-020-000,130 PINE ST MEXICO BEACH 32410,SINGLE FAM (000100),2914,1,2001,WD FR STUC,ENG SHINGL,DRYWALL,N/A,SHT VINYL; CARPET,"['B593', 'B868']","['20040304', '20000816']","['ADD', 'NC']","['ADDITION', 'NEW CONST.']","['4,150', '125,000']",29.928593,-85.389052,GAB,0.03,166.5382839,BAY,V,-1,0.166666667,ABOVE,MEXICO BEACH
100,04832-000-000,60 AZALEA DR MEXICO BEACH 32410,SINGLE FAM (000100),2432,1,1984,CEDAR,ENG SHINGL,DRYWALL,N/A,SHT VINYL; CARPET,"['18-0102', '17-3745', '0504105', '9605140']","['20181119', '20171229', '20050516', '19960425']","['RERF', 'ADD', 'RERF', 'RENO']","['RERF', 'ADDITION', 'RE-ROOF', 'RENOVATION']","['0', '4,000', '2,322', '2,300']",29.930012,-85.390796,GAB,0.03,166.5382839,BAY,V,-1,0.166666667,ABOVE,MEXICO BEACH
101,04831-000-000,56 AZALEA DR MEXICO BEACH 32410,SINGLE FAM (000100),1917,1,2003,VINYL,ENG SHINGL,DRYWALL,N/A,SHT VINYL; CARPET,"['21MB-RB0006', '20MB-RB0326', '20MB-RB0429', '20MB-RB0415', '18-0101', 'B0865', 'RF375', 'B2553']","['20210222', '20210119', '20210104', '20201230', '20181110', '20030408', '20030322', '20020708']","['ROOF', 'POOL', 'STOR', 'UDG', 'RERF', 'ADD', 'ROOF', 'NC']","['ROOF', 'POOL/HOT TUB', 'POLE BARN/SHED', 'DET GARAGE', 'RERF', 'ADDITION', 'ROOF', 'NEW CONST.']","['0', '32,859', '7,188', '92,141', '0', '2,400', '0', '75,000']",29.930016,-85.390443,GAB,0.03,166.5382839,BAY,V,-1,0.166666667,ABOVE,MEXICO BEACH
102,04828-010-000,44 AZALEA DR MEXICO BEACH 32410,SINGLE FAM (000100),1987,1,2002,ABOVE AVG.,ENG SHINGL,DRYWALL,N/A,CLAY TILE; VINYL PLNK,"['19MB-SID0037', '18MB-RR0228', '15-2764', 'B1916']","['20191031', '20181227', '20150303', '20020823']","['SIDG', 'RERF', 'ADD', 'NC']","['SIDING', 'RE-ROOF', 'ADDITION', 'NEW CONST.']","['16,600', '0', '30,000', '77,775']",29.930031,-85.388969,GAB,0.03,166.5382839,BAY,V,-1,0.166666667,ABOVE,MEXICO BEACH
103,04828-000-000,42 AZALEA DR MEXICO BEACH 32456,SINGLE FAM (000100),1610,1,2006,ABOVE AVG.,ENG SHINGL,DRYWALL,N/A,CLAY TILE; VINYL PLNK,"['19MB-RR0042', '12333']","['20190110', '20031220']","['RERF', 'NC']","['RE-ROOF', 'NEW CONST.']","['0', '0']",29.929934,-85.38867,GAB,0.03,166.5382839,BAY,V,-1,0.166666667,ABOVE,MEXICO BEACH
104,04820-020-000,69 1ST ST MEXICO BEACH 32410,SINGLE FAM (000100),2902,1,1992,COMMON BRK,ENG SHINGL,DRYWALL,N/A,SHT VINYL; CARPET,"['19MB-RB0376', '19MB-RR0017', '12-2149', '', '918694']","['20190621', '20190103', '20120502', '19911120', '19911120']","['STOR', 'RERF', 'ROOF', '', 'NC']","['STORAGE', 'RE-ROOF', 'ROOF', 'N/A', 'NEW CONST.']","['6,400', '0', '0', '0', '75,000']",29.930427,-85.390951,GAB,0.03,166.5382839,BAY,V,-1,0.166666667,ABOVE,MEXICO BEACH
105,04820-005-000,61 1ST ST MEXICO BEACH 32410,SINGLE FAM (000100),4974,1,1983,WD FR STUC,ENG SHINGL,DRYWALL,N/A,SHT VINYL; CARPET,"['20MB-RB0011', '19MB-RR0388', '18-3792', '18-3793']","['20200107', '20191018', '20180202', '20180202']","['ADD', 'RERF', 'STOR', 'ROOF']","['ADDITION', 'RE-ROOF', 'POLE BARN', 'ROOF']","['30,000', '0', '56,000', '0']",29.93038,-85.390229,GAB,0.03,166.5382839,BAY,V,-1,0.166666667,ABOVE,MEXICO BEACH
106,04816-000-000,41 1ST ST MEXICO BEACH 32410,SINGLE FAM (000100),1320,1,1963,CONC BLOCK,ENG SHINGL,DRYWALL,N/A,ASPH TILE,"['17-3412', '17-3414', '14-2515']","['20170228', '20170228', '20140317']","['ADD', 'RERF', 'STOR']","['ADDITION', 'RERF', 'POLE BARN']","['75,770', '0', '0']",29.931652,-85.38879,GAB,0.03,166.5382839,BAY,V,-1,0.166666667,ABOVE,MEXICO BEACH
107,04815-010-000,58 1ST ST MEXICO BEACH 32410,SINGLE FAM (000100),2380,1,1983,AVERAGE,ENG SHINGL,DRYWALL,N/A,CLAY TILE; VINYL PLNK,['18MB-RR0209'],['20181219'],['RERF'],['RE-ROOF'],['0'],29.931544,-85.390027,GAB,0.03,166.5382839,BAY,V,-1,0.166666667,ABOVE,MEXICO BEACH
108,04814-000-000,70 1ST ST MEXICO BEACH 32410,SINGLE FAM (000100),3725,1,1971,PREFAB,ENG SHINGL,DRYWALL,N/A,CORK/VTILE,"['19MB-RR0026', '82590915', '72290891', '9813199', '9812034', '93-6025']","['20190107', '20090825', '20090722', '19981201', '19981029', '19930708']","['RERF', 'ROOF', 'DECK', 'ROOF', 'ROOF', 'ADD']","['RE-ROOF', 'ROOF', 'RENO DECK3', 'ROOF', 'ROOF', 'ADDITION']","['0', '0', '0', '0', '0', '0']",29.931546,-85.391278,GAB,0.03,166.5382839,BAY,V,-1,0.166666667,ABOVE,MEXICO BEACH
109,04812-000-000,86 1ST ST MEXICO BEACH 32410,SINGLE FAM (000100),1252,1,1980,AVERAGE,ENG SHINGL,PLYWOOD; DRYWALL,N/A,SHT VINYL; CARPET,"['21MB-RB0130', '19MB-RR0174', '21792']","['20210625', '20190304', '19910328']","['STOR', 'RERF', 'ADD']","['POLE BARN/SHED', 'RE-ROOF', 'ADDITION']","['7,169', '0', '0']",29.931543,-85.392216,GAB,0.03,166.5382839,BAY,V,-1,0.166666667,ABOVE,MEXICO BEACH
110,04808-000-000,121 SEA ST MEXICO BEACH 32410,SINGLE FAM (000100),1557,1,2004,VINYL,ENG SHINGL,DRYWALL,N/A,CLAY TILE; HARDWOOD,"['19MB-RR0154', '13-2365', 'RF-1945', 'B-2450']","['20190228', '20130709', '20031222', '20031030']","['RERF', 'STOR', 'ROOF', 'NC']","['RE-ROOF', 'POLE BARN', 'ROOF', 'NEW CONST.']","['0', '12,995', '0', '78,274']",29.930405,-85.391996,GAB,0.03,166.5382839,BAY,V,-1,0.166666667,ABOVE,MEXICO BEACH
111,04807-000-000,118 1ST ST MEXICO BEACH 32410,SINGLE FAM (000100),3162,1,1984,VINYL,ENG SHINGL,DRYWALL,N/A,CLAY TILE; CARPET,"['19MB-SID0013', '18MB-RR0210', 'B-1526']","['20190304', '20181219', '20030711']","['SIDG', 'RERF', 'VINL']","['SIDING', 'RE-ROOF', 'VINYL SIDE']","['7,000', '0', '5,000']",29.930427,-85.392593,GAB,0.03,166.5382839,BAY,V,-1,0.166666667,ABOVE,MEXICO BEACH
112,04801-007-000,121 1ST ST MEXICO BEACH 32410,SINGLE FAM (000100),2112,1,1981,AVERAGE,ENG SHINGL,DRYWALL,N/A,SHT VINYL; CARPET,"['18MB-RR0165', '9703512', '9407239']","['20181210', '19970401', '19940729']","['RERF', 'ROOF', 'ADD']","['RE-ROOF', 'ROOF', 'ADDITION']","['0', '0', '500']",29.930953,-85.392768,GAB,0.03,166.5382839,BAY,V,-1,0.166666667,ABOVE,MEXICO BEACH
113,04800-000-000,112 2ND ST MEXICO BEACH 32410,SINGLE FAM (000100),1041,1,1970,CB STUCCO,ENG SHINGL,PLYWOOD,N/A,CLAY TILE,"['20MB-RB0161', '19MB-RB0505', '19MB-RR0359', '12-2088']","['20200513', '20190828', '20190826', '20120208']","['ADD', 'REMO', 'RERF', 'ADD']","['DETACHED GARAGE', 'REMODEL', 'RE-ROOF', 'WINDOWS']","['5,189', '39,000', '0', '0']",29.930726,-85.393638,GAB,0.03,166.5382839,BAY,V,-1,0.166666667,ABOVE,MEXICO BEACH
114,04674-000-000,109 35TH ST MEXICO BEACH 32410,SINGLE FAM (000100),2666,1,2001,VINYL,ENG SHINGL,DRYWALL,N/A,SHT VINYL; CARPET,"['21MB-RR0015', '12-2096', 'B1676', 'B286', '9704082']","['20210427', '20120227', '20020729', '20010205', '19970415']","['ROOF', 'POOL', 'XTRA', 'NC', 'ADD']","['ROOF', 'POOL', 'EXTRA FEAT', 'NEW CONST.', 'ADDITION']","['0', '22,000', '1,000', '131,271', '1,500']",29.951191,-85.42106,GAB,0.03,166.5382839,BAY,V,-1,0.166666667,ABOVE,MEXICO BEACH
115,04668-010-000,106 36TH ST N MEXICO BEACH 32410,SINGLE FAM (000100),2344,1,1985,CEDAR,ENG SHINGL,DRYWALL,N/A,SHT VINYL; CARPET,"['19MB-RB0089', '18-0078', '3059', '9401539']","['20190212', '20181116', '20000330', '19940218']","['', 'RERF', 'ADD', 'XTRA']","['ADDITION', 'RERF', 'ADDITION', 'EXTRA FEAT']","['55,000', '0', '25,000', '4,000']",29.951283,-85.421408,GAB,0.03,166.5382839,BAY,V,-1,0.166666667,ABOVE,MEXICO BEACH
116,04575-000-000,2901 HWY 98 MEXICO BEACH 32456,SINGLE FAM (000100),1442,1,1954,CONC BLOCK,ENG SHINGL,DRYWALL,N/A,CORK/VTILE,"['21MB-RB0021', '20MB-RB0424', '19MB-RB0504', '19MB-RB0353', '19MB-RR0202', '9603782', '9603782']","['20210330', '20210104', '20190827', '20190612', '20190319', '19960325', '19960321']","['ADD', 'ADD', 'REMO', 'STOR', 'RERF', 'ADD', 'ADD']","['ADDITION PATIO ENCL', 'ADDITION PATIO ENCL', 'REMODEL', 'POLE BARN/SHED', 'RE-ROOF', 'ADDITION', 'ADDITION']","['7,375', '0', '60,000', '3,000', '0', '525', '525']",29.947708,-85.417876,GAB,0.03,166.5382839,BAY,V,-1,0.166666667,ABOVE,MEXICO BEACH
117,04565-000-000,106 30TH ST S MEXICO BEACH 32456,SINGLE FAM (000100),3312,1,1995,VINYL,ENG SHINGL,DRYWALL,N/A,SHT VINYL; CARPET,"['19MB-RR0325', '19MB-RB0298', '15-2731', '9802009', '9500996']","['20190628', '20190513', '20150107', '19980226', '19950206']","['RERF', 'REMO', 'ROOF', 'ADD', 'NC']","['RE-ROOF', 'REMODEL', 'ROOF', 'ADDITION', 'NEW CONST.']","['0', '44,772', '0', '2,800', '30,303']",29.947653,-85.41894,GAB,0.03,166.5382839,BAY,V,-1,0.166666667,ABOVE,MEXICO BEACH
118,04507-000-000,103 28TH ST N MEXICO BEACH 32410,SINGLE FAM (000100),2208,1,2008,VINYL,ENG SHINGL,DRYWALL,N/A,CLAY TILE; CARPET,"['19MB-RR0065', '13-2382', '42180633', '9600266']","['20190117', '20130821', '20080421', '19960108']","['RERF', 'ROOF', 'RENO', 'ROOF']","['RE-ROOF', 'ROOF', 'RENOVATION', 'ROOF']","['0', '0', '190,000', '0']",29.947798,-85.416761,GAB,0.03,166.5382839,BAY,V,-1,0.166666667,ABOVE,MEXICO BEACH
119,04504-000-000,102 29TH ST N MEXICO BEACH 32410,SINGLE FAM (000100),1859,1,1954,WD FR STUC; VINYL,ENG SHINGL,DRYWALL,N/A,CLAY TILE; VINYL PLNK,"['19MB-RR0416', '11780732', 'B-1862']","['20191223', '20081117', '20030822']","['RERF', 'ADD', 'ADD']","['RE-ROOF', 'ADDITION', 'ADDITION']","['0', '0', '69,000']",29.947969,-85.417008,GAB,0.03,166.5382839,BAY,V,-1,0.166666667,ABOVE,MEXICO BEACH
120,04499-050-000,107 27TH ST MEXICO BEACH 32410,SINGLE FAM (000100),996,1,1978,LOG,ENG SHINGL,PLYWOOD,N/A,SHT VINYL; CARPET,"['19MB-RB0461', '19MB-RR0343']","['20190729', '20190729']","['REMO', 'RERF']","['REMODEL', 'RE-ROOF']","['0', '0']",29.947695,-85.415848,GAB,0.03,166.5382839,BAY,V,-1,0.166666667,ABOVE,MEXICO BEACH
121,04499-040-000,105 27TH ST MEXICO BEACH 32410,SINGLE FAM (000100),1944,1,2013,AVERAGE,ENG SHINGL,DRYWALL,N/A,CLAY TILE,"['12-2224', '12-2220', '9511871', '3660830']","['20120917', '20120910', '19951101', '19900807']","['NC', 'DEM', 'ROOF', 'ADD']","['SINGLE FAMILY', 'DEMO', 'ROOF', 'ADDITION']","['0', '0', '0', '5,200']",29.947533,-85.415995,GAB,0.03,133,BAY,V,-1,0.166666667,ABOVE,MEXICO BEACH
122,04499-030-000,103 27TH ST N MEXICO BEACH 32410,SINGLE FAM (000100),1232,1,1950,VINYL,ENG SHINGL,DRYWALL,N/A,VINYL ASB,"['20MB-RB0279', '18MB-RR0225', 'B383', '9502775', '9502467', '9500737', '924114']","['20200805', '20181227', '20020525', '19950329', '19950321', '19950127', '19920507']","['REMO', 'RERF', 'ADD', 'ADD', 'ADD', 'RENO', 'ALTR']","['REMODEL', 'RE-ROOF', 'ADDITION', 'ADDITION', 'ADDITION', 'RENOVATION', 'ALTERATION']","['21,800', '0', '800', '2,500', '1,500', '1,200', '250']",29.947371,-85.416142,GAB,0.03,166.5382839,BAY,V,-1,0.166666667,ABOVE,MEXICO BEACH
123,04492-000-000,104 27TH ST N MEXICO BEACH 32410,SINGLE FAM (000100),1911,1,1958,CB STUCCO,ENG SHINGL,PLYWOOD; DRYWALL,N/A,SHT VINYL; CARPET,"['19MB=RR0322', '18MB-RR0193', '52180651', '9803897']","['20190703', '20181218', '20080521', '19980420']","['RERF', 'RERF', 'ENCL', 'ADD']","['RE-ROOF', 'RE-ROOF', 'SCREEN ENC', 'ADDITION']","['0', '0', '2,575', '700']",29.947277,-85.415624,GAB,0.03,166.5382839,BAY,V,-1,0.166666667,ABOVE,MEXICO BEACH
124,04491-000-000,106 27TH ST N MEXICO BEACH 32410,SINGLE FAM (000100),1176,1,1958,CONC BLOCK,ENG SHINGL,DRYWALL,N/A,CORK/VTILE,"['21MB-RB0032', '20MB-RB0366', '15-2869', 'B1232', '9211790']","['20210222', '20201110', '20150623', '20010702', '19921214']","['REMO', 'REMO', 'NC', 'ADD', 'ROOF']","['REMODEL', 'REMODEL', 'SINGLE FAMILY', 'ADDITION', 'ROOF']","['9,413', '25,000', '0', '2,000', '0']",29.947438,-85.415477,GAB,0.03,166.5382839,BAY,V,-1,0.166666667,ABOVE,MEXICO BEACH
125,04490-000-000,108 27TH ST N MEXICO BEACH 32410,SINGLE FAM (000100),2517,1,1958,AVERAGE; VINYL,ENG SHINGL,DRYWALL,N/A,CLAY TILE; CARPET,"['20MB-RB0018', '20MB-RR0008', '18MB-RR0226', '91280714', '72280683', '9606850']","['20200110', '20200110', '20181227', '20080912', '20080722', '19960605']","['REMO', 'RERF', 'RERF', 'RERF', 'RENO', 'NC']","['REMODEL', 'RE-ROOF', 'RE-ROOF', 'RE-ROOF', 'RENOVATION', 'NEW CONST.']","['212,000', '0', '0', '1,360', '8,435', '325,000']",29.9476,-85.41533,GAB,0.03,166.5382839,BAY,V,-1,0.166666667,ABOVE,MEXICO BEACH
126,04488-000-000,102 26TH ST MEXICO BEACH 32410,SINGLE FAM (000100),1134,1,1958,ABOVE AVG.,ENG SHINGL,DRYWALL,N/A,VINYL PLNK,"['21MB-RB0138', '20MB-RB0001', '9713781']","['20210702', '20200106', '19971210']","['POOL', 'REMO', 'ROOF']","['POOL/HOT TUB', 'REMODEL', 'ROOF']","['51,140', '75,000', '0']",29.946668,-85.415186,GAB,0.03,166.5382839,BAY,V,-1,0.166666667,ABOVE,MEXICO BEACH
127,04477-000-000,1901 HWY 98 MEXICO BEACH 32410,SINGLE FAM (000100),2585,1,1997,VINYL,ENG SHINGL,DRYWALL,N/A,SHT VINYL; CARPET,"['19MB-RB0600', '19MB-RB0053', '19MB-RR0086', '9611969', '922779']","['20200708', '20190128', '20190128', '19961001', '19920330']","['ADD', 'REMO', 'RERF', 'NC', 'ROOF']","['ADDITION', 'REMODEL', 'RE-ROOF', 'NEW CONST.', 'ROOF']","['10,000', '100,000', '0', '33,222', '0']",29.942976,-85.41148,GAB,0.03,166.5382839,BAY,V,-1,0.166666667,ABOVE,MEXICO BEACH
128,04451-010-000,104 22ND ST N MEXICO BEACH 32410,SINGLE FAM (000100),1952,1,1975,VINYL,ENG SHINGL,PLYWOOD,N/A,SHT VINYL; CARPET,"['20MB-RR0090', '18-0040', '10059931']","['20201012', '20180619', '20091005']","['RERF', 'RERF', 'ROOF']","['RERF', 'RERF', 'ROOF']","['0', '0', '8,820']",29.944934,-85.412121,GAB,0.03,166.5382839,BAY,V,-1,0.166666667,ABOVE,MEXICO BEACH
129,04450-010-000,108 22ND ST MEXICO BEACH 32410,SINGLE FAM (000100),3036,1,1997,VINYL,ENG SHINGL,DRYWALL,N/A,SHT VINYL; CARPET,"['19MB-RB0558', '19MB-RB0440', '16-3102', '9705691']","['20191004', '20190716', '20160406', '19970527']","['REMO', 'REMO', 'RERF', 'NC']","['REMODEL', 'REMODEL', 'RERF', 'NEW CONST.']","['82,432', '29,100', '0', '38,304']",29.945601,-85.411842,GAB,0.03,166.5382839,BAY,V,-1,0.166666667,ABOVE,MEXICO BEACH
130,04449-000-000,111 21ST ST MEXICO BEACH 32410,SINGLE FAM (000100),3068,1,2015,ABOVE AVG.; COMMON BRK,ENG SHINGL,DRYWALL,N/A,CLAY TILE,"['21MB-RB0095', '21MB-RR0020', '19MB-RR0094', '15-2881', '15-2797', '15-2792']","['20210513', '20210507', '20190131', '20150705', '20150407', '20150406']","['REMO', 'RERF', 'RERF', 'ROOF', 'ROOF', 'NC']","['REMODEL', 'RE-ROOF', 'RE-ROOF', 'ROOF', 'ROOF', 'SINGLE FAMILY']","['12,234', '0', '0', '0', '0', '347,443']",29.944968,-85.411676,GAB,0.03,133,BAY,V,-1,0.166666667,ABOVE,MEXICO BEACH
131,04441-000-000,110 21ST ST MEXICO BEACH 32410,SINGLE FAM (000100),2489,1,1963,COMMON BRK,ENG SHINGL,DRYWALL,N/A,CORK/VTILE,"['21MB-RB0062', '19-0276', '18-0039', 'RF-1915', '9603725', '9310740']","['20210407', '20190501', '20180615', '20031216', '19960322', '19931102']","['REMO', 'RERF', 'RERF', 'RERF', 'NC', 'XTRA']","['REMODEL', 'RE-ROOF', 'RE-ROOF', 'RE-ROOF', 'NEW CONST.', 'EXTRA FEAT']","['40,000', '0', '0', '0', '21,840', '1,000']",29.944484,-85.411529,GAB,0.03,166.5382839,BAY,V,-1,0.166666667,ABOVE,MEXICO BEACH
132,04440-000-000,111 20TH ST N MEXICO BEACH 32410,SINGLE FAM (000100),2832,1,1954,CONC BLOCK; COMMON BRK,ENG SHINGL,PLYWOOD,N/A,CLAY TILE; HARDWOOD,"['19MB-RR0243', '40890821', '99-01109', '929561']","['20190415', '20090408', '19990204', '19921006']","['RERF', 'RERF', 'ROOF', 'ROOF']","['RE-ROOF', 'RE-ROOF', 'ROOF', 'ROOF']","['12,000', '2,400', '0', '0']",29.94494,-85.410678,GAB,0.03,166.5382839,BAY,V,-1,0.166666667,ABOVE,MEXICO BEACH
133,04438-000-000,105 20TH ST MEXICO BEACH 32410,SINGLE FAM (000100),1056,1,1954,BD/BTN ABV,ENG SHINGL,DRYWALL,N/A,CORK/VTILE,"['19MB-RB0560', '19MB-RR0369', '10318', '5364']","['20191009', '20190906', '19980724', '19901219']","['REMO', 'RERF', 'ROOF', 'ROOF']","['REMODEL', 'RE-ROOF', 'ROOF', 'ROOF']","['6,900', '0', '84,142', '0']",29.944308,-85.411286,GAB,0.03,166.5382839,BAY,V,-1,0.166666667,ABOVE,MEXICO BEACH
134,04434-000-000,104 20TH ST MEXICO BEACH 32410,SINGLE FAM (000100),1986,1,1965,COMMON BRK; WD FR STUC,ENG SHINGL,PLYWOOD; DRYWALL,N/A,EPOXY STRP,"['21MB-RB0004', '19MB-RR0133', '14-2477', 'B0184', '9509834', '91-6164']","['20210115', '20190220', '20140203', '20020126', '19951003', '19910828']","['REMO', 'RERF', 'RENO', 'RENO', 'ROOF', 'ADD']","['REMODEL', 'RE-ROOF', 'GARAGE REPAIR', 'RENOVATION', 'ROOF', 'ADDITION']","['56,500', '0', '0', '0', '0', '1,585']",29.944051,-85.41091,GAB,0.03,166.5382839,BAY,V,-1,0.166666667,ABOVE,MEXICO BEACH
135,04428-000-000,103 19TH ST MEXICO BEACH 32410,SINGLE FAM (000100),1344,1,1954,VINYL,ENG SHINGL,PLYWOOD,N/A,CLAY TILE; CARPET,"['20MB-RB0269', '20MB-RR0010', '19MB-RB0633', '13-2537', '14-2469', 'RF607', '597']","['20200813', '20200115', '20200106', '20140423', '20140121', '20010525', '19901017']","['REMO', 'RERF', 'REMO', 'ROOF', 'ADD', 'RERF', 'ROOF']","['REMODEL', 'RE-ROOF', 'REMODEL', 'ROOF', 'ADDITION', 'RE-ROOF', 'ROOF']","['144,175', '0', '100,000', '0', '161,000', '0', '0']",29.943664,-85.410871,GAB,0.03,166.5382839,BAY,V,-1,0.166666667,ABOVE,MEXICO BEACH
136,04420-018-000,108 12TH ST MEXICO BEACH 32410,SINGLE FAM (000100),3840,1,2005,VINYL,ENG SHINGL,DRYWALL,N/A,CLAY TILE; CARPET,['10504'],['20041121'],['NC'],['NEW CONST.'],"['122,220']",29.940059,-85.403947,GAB,0.03,166.5382839,BAY,V,-1,0.166666667,ABOVE,MEXICO BEACH
137,04366-000-000,111 16TH ST MEXICO BEACH 32410,SINGLE FAM (000100),1416,1,1958,CB STUCCO,ENG SHINGL,DRYWALL,N/A,CORK/VTILE,"['18MB-RB0087', '18MB-RR0231']","['20181227', '20181227']","['REMO', 'RERF']","['REMODEL', 'RE-ROOF']","['9,800', '0']",29.942038,-85.40721,GAB,0.03,166.5382839,BAY,V,-1,0.166666667,ABOVE,MEXICO BEACH
138,04365-000-000,109 16TH ST MEXICO BEACH 32410,SINGLE FAM (000100),3242,1,2012,VINYL,ENG SHINGL,DRYWALL,N/A,CARPET,"['21MB-RB0035', '19MB-RB0370', '19MB-RB0529', '12-2087']","['20210224', '20190910', '20190910', '20120207']","['REMO', 'RERF', 'REMO', 'NC']","['REMODEL', 'RE-ROOF', 'REMODEL', 'SINGLE FAMILY']","['70,000', '0', '76,000', '175,000']",29.941877,-85.407358,GAB,0.03,133,BAY,V,-1,0.166666667,ABOVE,MEXICO BEACH
139,04349-020-000,717 FLORIDA AVE MEXICO BEACH 32410,SINGLE FAM (000100),1752,1,1978,COMMON BRK,ENG SHINGL,DRYWALL,N/A,VINYL PLNK,"['19MB-RB0071', '19MB-RR0089', '14-2605', '9500265']","['20190206', '20190130', '20140729', '19950111']","['REMO', 'RERF', 'RERF', 'ROOF']","['REMODEL', 'RERF', 'RERF', 'ROOF']","['100,000', '0', '0', '0']",29.93766,-85.40067,GAB,0.03,166.5382839,BAY,V,-1,0.166666667,ABOVE,MEXICO BEACH
140,04335-000-000,608 FORTNER AVE MEXICO BEACH 32410,SINGLE FAM (000100),1212,1,1968,CONC BLOCK,ENG SHINGL,DRYWALL,N/A,CLAY TILE,['19MB-CR0030'],['20190705'],['RERF'],['RE-ROOF'],['0'],29.935853,-85.398872,GAB,0.03,166.5382839,BAY,V,-1,0.166666667,ABOVE,MEXICO BEACH
141,04314-000-000,600 HWY 98 MEXICO BEACH 32410,SINGLE FAM (000100),2513,1,1975,COMMON BRK,ENG SHINGL,PLYWOOD; DRYWALL,N/A,SHT VINYL; CARPET,"['19MB-RB0375', '18-0106', 'RF-1914']","['20190822', '20181120', '20031216']","['REMO', 'RERF', 'RERF']","['REMODEL', 'RERF', 'RE-ROOF']","['100,000', '0', '0']",29.934904,-85.399247,GAB,0.03,166.5382839,BAY,V,-1,0.166666667,ABOVE,MEXICO BEACH
142,04312-030-000,121 5TH ST MEXICO BEACH 32410,SINGLE FAM (000100),712,1,1987,VINYL,ENG SHINGL,DRYWALL,N/A,SHT VINYL; CARPET,"['15101023', '9806017']","['20100415', '19980615']","['ROOF', 'ROOF']","['ROOF', 'ROOF']","['0', '0']",29.934702,-85.397297,GAB,0.03,166.5382839,BAY,V,-1,0.166666667,ABOVE,MEXICO BEACH
143,04291-000-000,502 HWY 98 MEXICO BEACH 32410,SINGLE FAM (000100),1019,1,2015,AVERAGE,ENG SHINGL,DRYWALL,N/A,CLAY TILE,"['19MB-RR0131', '15-2750', '14-2724', '14-2573', '13-2310']","['20190219', '20150204', '20141229', '20140623', '20130404']","['RERF', 'ROOF', 'REMO', 'DEM', 'RENO']","['RE-ROOF', 'ROOF', 'REMODEL', 'DEMO', 'RENO FIRE DAMAGE']","['0', '0', '120,000', '0', '16,200']",29.933956,-85.398104,GAB,0.03,133,BAY,V,-1,0.166666667,ABOVE,MEXICO BEACH
144,04280-010-000,114 5TH ST MEXICO BEACH 32410,SINGLE FAM (000100),1120,1,1979,PREFAB,ENG SHINGL,DRYWALL,N/A,SHT VINYL; CARPET,"['19MB-RB0407', '19MB-RR0317', '19MB-RR0067', '9504845']","['20190705', '20190627', '20190118', '19950526']","['REMO', 'RERF', 'RERF', 'ROOF']","['REMODEL', 'RE-ROOF', 'RE-ROOF', 'ROOF']","['0', '0', '0', '0']",29.933972,-85.397328,GAB,0.03,166.5382839,BAY,V,-1,0.166666667,ABOVE,MEXICO BEACH
145,04241-010-000,222 FLORIDA AVE MEXICO BEACH 32410,SINGLE FAM (000100),3222,1,1979,VINYL,ENG SHINGL,DRYWALL,N/A,SHT VINYL; CARPET,"['19MB-RR0053', '11239952']","['20190114', '20091123']","['RERF', 'RENO']","['RE-ROOF', 'RENOVATION']","['0', '43,500']",29.932215,-85.394171,GAB,0.03,166.5382839,BAY,V,-1,0.166666667,ABOVE,MEXICO BEACH
146,04222-048-000,413 LA SIESTA DR MEXICO BEACH 32410,SINGLE FAM (000100),1976,1,2008,VINYL,ENG SHINGL,DRYWALL,N/A,CLAY TILE; CARPET,"['19MB-RR0344', '30680611']","['20190729', '20080306']","['RERF', 'NC']","['RE-ROOF', 'NEW CONST.']","['0', '180,000']",29.939546,-85.390453,GAB,0.03,166.5382839,BAY,V,-1,0.166666667,ABOVE,MEXICO BEACH
147,04222-030-000,412 LA SIESTA DR MEXICO BEACH 32410,SINGLE FAM (000100),3034,1,2005,COMMON BRK,ENG SHINGL,DRYWALL,N/A,CLAY TILE; CARPET,"['20MB-RB0034', '19MB-RB0342', '19MB-RR0147', '0463', 'MH231']","['20200312', '20190604', '20190226', '20040630', '20000814']","['ADD', 'REMO', 'RERF', 'NC', 'MH']","['ADDITION', 'REMODEL', 'RE-ROOF', 'NEW CONST.', 'MOBILE HME']","['0', '18,810', '0', '191,012', '0']",29.940099,-85.390571,GAB,0.03,166.5382839,BAY,V,-1,0.166666667,ABOVE,MEXICO BEACH
148,04222-026-000,408 LA SIESTA DR MEXICO BEACH 32410,SINGLE FAM (000100),2148,1,2003,VINYL,ENG SHINGL,DRYWALL,N/A,CLAY TILE; CARPET,"['19MB-RB0626', '19MB-RR0127', '19MB-RB0086', '18MB-RR0220']","['20191210', '20190218', '20190208', '20181220']","['REMO', 'RERF', 'REMO', 'RERF']","['REMODEL', 'RE-ROOF', 'REMODEL', 'RE-ROOF']","['21,998', '0', '26,500', '0']",29.940105,-85.390053,GAB,0.03,166.5382839,BAY,V,-1,0.166666667,ABOVE,MEXICO BEACH
149,04222-024-000,406 LA SIESTA DR MEXICO BEACH 32410,SINGLE FAM (000100),2496,1,2005,WD FR STUC,ENG SHINGL,DRYWALL,N/A,CLAY TILE; CARPET,"['19MB-RR0052', '5-07']","['20190111', '20050221']","['RERF', 'NC']","['RE-ROOF', 'NEW CONST.']","['0', '198,000']",29.940109,-85.389794,GAB,0.03,166.5382839,BAY,V,-1,0.166666667,ABOVE,MEXICO BEACH
150,04222-014-000,409 15TH ST N MEXICO BEACH 32410,SINGLE FAM (000100),2388,1,2003,VINYL; COMMON BRK,ENG SHINGL,DRYWALL,WOOD FRAME,CLAY TILE,"['19MB-RR0134', 'RF-1441', 'B1100']","['20190220', '20030926', '20030428']","['RERF', 'ROOF', 'NC']","['RE-ROOF', 'ROOF', 'NEW CONST.']","['0', '0', '100,000']",29.940493,-85.389296,GAB,0.03,166.5382839,BAY,V,-1,0.166666667,ABOVE,MEXICO BEACH
151,04222-012-000,413 15TH ST MEXICO BEACH 32410,SINGLE FAM (000100),2446,1,2003,ABOVE AVG.; COMMON BRK,ENG SHINGL,DRYWALL,N/A,CLAY TILE,"['18MB-RR0214', 'RF-1108', 'B1103', 'B464', 'B1407', 'B1260', 'B307', 'MH429']","['20181220', '20030724', '20030428', '20020228', '20010730', '20010709', '20010215', '20001115']","['RERF', 'ROOF', 'NC', 'NC', 'ADD', 'ADD', 'ADD', 'MH']","['RE-ROOF', 'ROOF', 'NEW CONST.', 'NEW CONST.', 'ADDITION', 'ADDITION', 'ADDITION', 'MOBILE HME']","['0', '0', '100,000', '98,000', '2,500', '700', '500', '0']",29.94049,-85.389555,GAB,0.03,166.5382839,BAY,V,-1,0.166666667,ABOVE,MEXICO BEACH
152,04222-010-000,423 15TH ST N MEXICO BEACH 32410,SINGLE FAM (000100),2557,1,2003,VINYL; COMMON BRK,ENG SHINGL,DRYWALL,N/A,CLAY TILE; CARPET,"['19MB-RR0070', 'RF-1528', 'B1101']","['20190118', '20031014', '20030428']","['RERF', 'ROOF', 'NC']","['RE-ROOF', 'ROOF', 'NEW CONST.']","['0', '0', '100,000']",29.940488,-85.389814,GAB,0.03,166.5382839,BAY,V,-1,0.166666667,ABOVE,MEXICO BEACH
153,04221-045-000,301 HATLEY DR MEXICO BEACH 32410,SINGLE FAM (000100),3341,1,2003,ABOVE AVG.,ENG SHINGL,DRYWALL,N/A,CLAY TILE; HARDWOOD,"['19MB-RB0372', '19MB-RB0210', '19MB-RR0175', 'B1041']","['20190620', '20190409', '20190304', '20020502']","['REMO', 'REMO', 'RERF', 'NC']","['REMODEL', 'REMODEL', 'RE-ROOF', 'NEW CONST.']","['35,000', '40,000', '0', '79,488']",29.941155,-85.40243,GAB,0.03,166.5382839,BAY,V,-1,0.166666667,ABOVE,MEXICO BEACH
154,04221-025-000,309 HATLEY DR MEXICO BEACH 32410,SINGLE FAM (000100),1844,1,1984,PREFAB; COMMON BRK,ENG SHINGL,DRYWALL,N/A,SHT VINYL; CARPET,"['19MB-RB0052', '19MB-RR0076']","['20190128', '20190122']","['REMO', 'RERF']","['REMODEL', 'RE-ROOF']","['30,000', '0']",29.941922,-85.401762,GAB,0.03,166.5382839,BAY,V,-1,0.166666667,ABOVE,MEXICO BEACH
155,04221-015-000,313 HATLEY DR MEXICO BEACH 32410,SINGLE FAM (000100),1843,1,1983,AVERAGE; COMMON BRK,ENG SHINGL,DRYWALL,N/A,CLAY TILE; VINYL PLNK,['RF1685'],['20021210'],['RERF'],['RE-ROOF'],['0'],29.941218,-85.402302,GAB,0.03,166.5382839,BAY,V,-1,0.166666667,ABOVE,MEXICO BEACH
156,04206-000-000,62 HWY 98 MEXICO BEACH 32410,SINGLE FAM (000100),911,1,1958,CONC BLOCK,ENG SHINGL,CUST PANEL,N/A,ASPH TILE,"['21MB-RB0141', '19MB-RB0615', '19MB-RB0555', '19MB-RR0013']","['20210729', '20191203', '20191003', '20190103']","['STOR', 'REMO', 'DECK', 'RERF']","['POLE BARN/SHED', 'REMODEL', 'DECK', 'RE-ROOF']","['4,617', '30,000', '8,000', '0']",29.928894,-85.392075,GAB,0.03,166.5382839,BAY,V,-1,0.166666667,ABOVE,MEXICO BEACH
157,04195-000-000,64 HWY 98 MEXICO BEACH 32410,SINGLE FAM (000100),1835,1,1955,CB STUCCO,ENG SHINGL,DRYWALL,N/A,HARDWOOD; PINE WOOD,"['19MB-RR0046', '17-3713', '16-3159', '9603245']","['20190110', '20171115', '20160517', '19960312']","['RERF', 'DECK', 'RERF', 'ROOF']","['RE-ROOF', 'DECK', 'RERF', 'ROOF']","['0', '0', '0', '0']",29.929016,-85.392162,GAB,0.03,166.5382839,BAY,V,-1,0.166666667,ABOVE,MEXICO BEACH
158,04188-113-000,406 5TH ST MEXICO BEACH 32410,SINGLE FAM (000100),2986,1,2007,AVERAGE,ENG SHINGL,DRYWALL,N/A,CLAY TILE; CARPET,"['18MB-RR0134', '166-0335', '9512778']","['20181213', '20061031', '19951115']","['RERF', 'NC', 'ROOF']","['RE-ROOF', 'NEW CONST.', 'ROOF']","['0', '264,882', '0']",29.9372,-85.393706,GAB,0.03,166.5382839,BAY,V,-1,0.166666667,ABOVE,MEXICO BEACH
159,04188-030-000,410 5TH ST MEXICO BEACH 32410,SINGLE FAM (000100),2536,1,2001,VINYL,ENG SHINGL,DRYWALL,N/A,CLAY TILE,"['21MB-RB0068', '21MB-RB0036', '19MB-RR0328', 'B1840', 'B763', 'B644']","['20210423', '20210302', '20190711', '20020812', '20010424', '20010406']","['ENCL', 'POOL', 'RERF', 'ADD', 'ADD', 'NC']","['PATIO ENCLOSURE', 'POOL/HOT TUB', 'RE-ROOF', 'ADDITION', 'ADDITION', 'NEW CONST.']","['23,495', '44,388', '0', '1,584', '1,200', '79,968']",29.937526,-85.393416,GAB,0.03,166.5382839,BAY,V,-1,0.166666667,ABOVE,MEXICO BEACH
160,04185-513-000,108 PARADISE COVE BLVD MEXICO BEACH 32456,SINGLE FAM (000100),3378,1,2005,WD FR STUC,ENG SHINGL,DRYWALL,N/A,CLAY TILE; CARPET,"['20MB-RB0183', '19MB-RB0451', '19MB-RB0257', '18MB-RR0146', '1004-15']","['20200520', '20190807', '20190423', '20181205', '20050110']","['STOR', 'RENO', 'REMO', 'RERF', 'NC']","['POLE BARN/SHED', 'PATIO ENCLOSURE', 'REMODEL', 'RE-ROOF', 'NEW CONST.']","['6,720', '22,000', '3,700', '0', '0']",29.94244,-85.392406,GAB,0.03,166.5382839,BAY,V,-1,0.166666667,ABOVE,MEXICO BEACH
161,04185-511-000,104 PARADISE COVE BLVD MEXICO BEACH 32410,SINGLE FAM (000100),2626,1,2006,WD FR STUC,ENG SHINGL,DRYWALL,N/A,CLAY TILE; CARPET,"['19MB-RR0054', '21610991', '6019-05']","['20190115', '20100216', '20050623']","['RERF', 'POOL', 'NC']","['RE-ROOF', 'POOLS', 'NEW CONST.']","['0', '0', '178,000']",29.942039,-85.392381,GAB,0.03,166.5382839,BAY,V,-1,0.166666667,ABOVE,MEXICO BEACH
162,04182-000-000,500 15TH ST N MEXICO BEACH 32410,SINGLE FAM (000100),2499,1,1985,MINIMUM,ENG SHINGL,WALL BD/WD,N/A,CONC FINSH; CARPET,"['19MB-RB0484', '19MB-RB0343', '19MB-RR0236', '19MB-SID0017', '19MB-RR0021', '17-3558', '12-2177', '918299']","['20190813', '20190605', '20190409', '20190327', '20190107', '20170728', '20120607', '19911113']","['ADD', 'STOR', 'RERF', 'SIDG', 'RERF', 'RERF', 'RENO', 'ADD']","['ADDITION', 'STORAGE', 'RE-ROOF', 'SIDING', 'RERF', 'RERF', 'WINDOWS', 'ADDITION']","['1,800', '7,125', '2,500', '1,000', '0', '0', '0', '19,650']",29.941986,-85.389941,GAB,0.03,166.5382839,BAY,V,-1,0.166666667,ABOVE,MEXICO BEACH
163,04177-015-000,315 HATLEY DR MEXICO BEACH 32410,SINGLE FAM (000100),936,1,1980,AVERAGE,ENG SHINGL,PLYWOOD,N/A,CARPET,,,,,,29.941255,-85.402273,GAB,0.03,166.5382839,BAY,V,-1,0.166666667,ABOVE,MEXICO BEACH
164,04173-012-012,1007 CYPRESS LN MEXICO BEACH 32410,SINGLE FAM (000100),2594,1,2002,VINYL,ENG SHINGL,DRYWALL,N/A,CLAY TILE; CARPET,"['19MB-RB0414', '18MB-RR0140', 'RF355', 'B391', 'B901', 'B173', 'B174']","['20190708', '20181204', '20020314', '20020221', '20010426', '20000531', '20000531']","['REMO', 'RERF', 'ROOF', 'NC', 'NC', 'NC', 'NC']","['REMODEL', 'RE-ROOF', 'ROOF', 'NEW CONST.', 'NEW CONST.', 'NEW CONST.', 'NEW CONST.']","['0', '0', '0', '100,000', '252,280', '79,200', '28,000']",29.944279,-85.396809,GAB,0.03,166.5382839,BAY,V,-1,0.166666667,ABOVE,MEXICO BEACH
165,04173-012-011,1005 CYPRESS LN MEXICO BEACH 32410,SINGLE FAM (000100),2232,1,2000,VINYL,ENG SHINGL,DRYWALL,N/A,CLAY TILE; VINYL PLNK,"['19MB-RB0067', '19MB-RR0044', '18-0039', 'B1009']","['20190205', '20190110', '20180621', '20030305']","['REMO', 'RERF', 'CRPT', 'ADD']","['REMODEL', 'RE-ROOF', 'CARPORT', 'ADDITION']","['24,000', '0', '2,500', '3,100']",29.943935,-85.396794,GAB,0.03,166.5382839,BAY,V,-1,0.166666667,ABOVE,MEXICO BEACH
166,04173-012-010,1005 CYPRESS LN MEXICO BEACH 32410,SINGLE FAM (000100),1240,1,2000,VINYL,ENG SHINGL,DRYWALL,N/A,CLAY TILE; HARDWOOD,"['19MB-RR0060', '19MB-RR0027', '19MB-RR0028', 'B1009']","['20190116', '20190107', '20190107', '20030305']","['RERF', 'RERF', 'RERF', 'ADD']","['RE-ROOF', 'RE-ROOF', 'RE-ROOF', 'ADDITION']","['0', '0', '0', '3,100']",29.943935,-85.396794,GAB,0.03,166.5382839,BAY,V,-1,0.166666667,ABOVE,MEXICO BEACH
167,04173-012-000,1004 CYPRESS LN MEXICO BEACH 32410,SINGLE FAM (000100),1476,1,1982,VINYL,ENG SHINGL,DRYWALL,N/A,VINYL PLNK,"['19MB-RB0427', '19MB-RR0331', '19MB-RR0188', '19MB-RR0189']","['20190711', '20190710', '20190308', '20190308']","['REMO', 'RERF', 'RERF', 'RERF']","['REMODEL', 'RE-ROOF', 'RE-ROOF', 'RE-ROOF']","['0', '0', '0', '0']",29.944508,-85.396988,GAB,0.03,166.5382839,BAY,V,-1,0.166666667,ABOVE,MEXICO BEACH
168,04168-000-000,100 PARADISE PATH MEXICO BEACH 32410,SINGLE FAM (000100),4444,1,1976,WD FR STUC,ENG SHINGL,DRYWALL,N/A,SHT VINYL; CARPET,"['19MB-CB0014', '20MB-CB0020', '20MB-RB0119', '20MB-RR0024', '19MB-CB0013', '19MB-CB0014', '19MB-CB0015', '19MB-CB0016', '19MB-CB0017', '19MB-CR0022', '19-0284', '51580646', 'B-2699', 'RF-1414', 'B1048', 'RF843', '9406120']","['20210615', '20200428', '20200312', '20200219', '20190531', '20190531', '20190531', '20190531', '20190531', '20190515', '20190509', '20080515', '20031202', '20030923', '20030403', '20001229', '19940624']","['COMM', 'COMM', 'ADD', 'RERF', 'COMM', 'COMM', 'COMM', 'COMM', 'COMM', 'COMM', 'RERF', 'STOR', 'REP', 'RERF', 'NC', 'REP', 'ADD']","['NEW COMMERCIAL', 'REMODEL', 'ADDITION', 'RE-ROOF', 'NEW COMMERCIAL #1', 'NEW COMMERCIAL #2', 'NEW COMMERCIAL #3', 'NEW COMMERCIAL #4', 'NEW COMMERCIAL #5', 'ROOF', 'RE-ROOF', 'STORAGE', 'REPAIRS', 'RE-ROOF', 'NEW CONST.', 'REPAIRS', 'ADDITION']","['45,000', '450,000', '11,500', '0', '0', '0', '0', '0', '0', '0', '0', '55,000', '6,500', '0', '58,000', '0', '500']",29.944783,-85.409509,GAB,0.03,166.5382839,BAY,V,-1,0.166666667,ABOVE,MEXICO BEACH
169,04149-000-000,304 BAILEY LN MEXICO BEACH 32410,SINGLE FAM (000100),2810,1,2003,ABOVE AVG.,ENG SHINGL,DRYWALL,N/A,VINYL PLNK; CARPET,"['21MB-RB0050', '19MB-RB0201', 'B-1106', 'B637']","['20210423', '20190404', '20030723', '20030320']","['STOR', 'DECK', 'ROOF', 'NC']","['POLE BARN', 'DECK', 'ROOF', 'NEW CONST.']","['9,250', '1,000', '0', '175,787']",29.946205,-85.407215,GAB,0.03,166.5382839,BAY,V,-1,0.166666667,ABOVE,MEXICO BEACH
170,04108-050-000,106 40TH ST S B MEXICO BEACH 32410,SINGLE FAM (000100),920,1,1986,BD/BTN ABV,ENG SHINGL,DRYWALL,N/A,CLAY TILE; CARPET,"['19MB-RB0553', '19MB-RR0065', '19MB-RB0096']","['20191002', '20190204', '20190201']","['REMO', 'REMO', 'RERF']","['REMODEL', 'REMODEL', 'RE-ROOF']","['13,450', '4,200', '0']",29.951677,-85.425861,GAB,0.03,166.5382839,BAY,V,-1,0.166666667,ABOVE,MEXICO BEACH
171,04108-040-000,106 40TH ST S C MEXICO BEACH 32410,SINGLE FAM (000100),840,1,1986,PREFAB,ENG SHINGL,DRYWALL,N/A,SHT VINYL; CARPET,['19MB-RB0177'],['20190325'],['REMO'],['REMODEL'],"['18,000']",29.951677,-85.425861,GAB,0.03,166.5382839,BAY,V,-1,0.166666667,ABOVE,MEXICO BEACH
172,04108-030-000,106 40TH ST S A MEXICO BEACH 32410,SINGLE FAM (000100),840,1,1986,PREFAB,ENG SHINGL,DRYWALL,N/A,CLAY TILE; CARPET,['19MB-RB0197'],['20190403'],['REMO'],['REMODEL'],"['20,000']",29.951677,-85.425861,GAB,0.03,166.5382839,BAY,V,-1,0.166666667,ABOVE,MEXICO BEACH
